지역코드,지역명,시간,기간,습도
1,춘천,1,1월,0.76
1,춘천,2,1월,0.77
1,춘천,3,1월,0.78
1,춘천,4,1월,0.78
1,춘천,5,1월,0.8
1,춘천,6,1월,0.8
1,춘천,7,1월,0.8
1,춘천,8,1월,0.82
1,춘천,9,1월,0.79
1,춘천,10,1월,0.72
1,춘천,11,1월,0.63
1,춘천,12,1월,0.55
1,춘천,13,1월,0.46
1,춘천,14,1월,0.42
1,춘천,15,1월,0.39
1,춘천,16,1월,0.41
1,춘천,17,1월,0.44
1,춘천,18,1월,0.48
1,춘천,19,1월,0.54
1,춘천,20,1월,0.59
1,춘천,21,1월,0.64
1,춘천,22,1월,0.69
1,춘천,23,1월,0.72
1,춘천,24,1월,0.73
1,춘천,1,2월,0.77
1,춘천,2,2월,0.78
1,춘천,3,2월,0.8
1,춘천,4,2월,0.8
1,춘천,5,2월,0.81
1,춘천,6,2월,0.82
1,춘천,7,2월,0.84
1,춘천,8,2월,0.85
1,춘천,9,2월,0.78
1,춘천,10,2월,0.7
1,춘천,11,2월,0.62
1,춘천,12,2월,0.56
1,춘천,13,2월,0.49
1,춘천,14,2월,0.45
1,춘천,15,2월,0.42
1,춘천,16,2월,0.42
1,춘천,17,2월,0.43
1,춘천,18,2월,0.46
1,춘천,19,2월,0.54
1,춘천,20,2월,0.59
1,춘천,21,2월,0.64
1,춘천,22,2월,0.67
1,춘천,23,2월,0.71
1,춘천,24,2월,0.75
1,춘천,1,3월,0.75
1,춘천,2,3월,0.78
1,춘천,3,3월,0.83
1,춘천,4,3월,0.84
1,춘천,5,3월,0.85
1,춘천,6,3월,0.88
1,춘천,7,3월,0.89
1,춘천,8,3월,0.84
1,춘천,9,3월,0.69
1,춘천,10,3월,0.58
1,춘천,11,3월,0.5
1,춘천,12,3월,0.43
1,춘천,13,3월,0.37
1,춘천,14,3월,0.32
1,춘천,15,3월,0.3
1,춘천,16,3월,0.29
1,춘천,17,3월,0.29
1,춘천,18,3월,0.31
1,춘천,19,3월,0.36
1,춘천,20,3월,0.44
1,춘천,21,3월,0.54
1,춘천,22,3월,0.58
1,춘천,23,3월,0.64
1,춘천,24,3월,0.69
1,춘천,1,4월,0.72
1,춘천,2,4월,0.75
1,춘천,3,4월,0.77
1,춘천,4,4월,0.79
1,춘천,5,4월,0.8
1,춘천,6,4월,0.82
1,춘천,7,4월,0.81
1,춘천,8,4월,0.75
1,춘천,9,4월,0.65
1,춘천,10,4월,0.56
1,춘천,11,4월,0.49
1,춘천,12,4월,0.44
1,춘천,13,4월,0.4
1,춘천,14,4월,0.38
1,춘천,15,4월,0.37
1,춘천,16,4월,0.37
1,춘천,17,4월,0.37
1,춘천,18,4월,0.41
1,춘천,19,4월,0.45
1,춘천,20,4월,0.5
1,춘천,21,4월,0.55
1,춘천,22,4월,0.58
1,춘천,23,4월,0.62
1,춘천,24,4월,0.65
1,춘천,1,5월,0.81
1,춘천,2,5월,0.82
1,춘천,3,5월,0.85
1,춘천,4,5월,0.87
1,춘천,5,5월,0.88
1,춘천,6,5월,0.89
1,춘천,7,5월,0.86
1,춘천,8,5월,0.79
1,춘천,9,5월,0.7
1,춘천,10,5월,0.62
1,춘천,11,5월,0.55
1,춘천,12,5월,0.49
1,춘천,13,5월,0.44
1,춘천,14,5월,0.41
1,춘천,15,5월,0.39
1,춘천,16,5월,0.38
1,춘천,17,5월,0.38
1,춘천,18,5월,0.39
1,춘천,19,5월,0.45
1,춘천,20,5월,0.55
1,춘천,21,5월,0.63
1,춘천,22,5월,0.69
1,춘천,23,5월,0.76
1,춘천,24,5월,0.77
1,춘천,1,6월,0.83
1,춘천,2,6월,0.85
1,춘천,3,6월,0.86
1,춘천,4,6월,0.87
1,춘천,5,6월,0.87
1,춘천,6,6월,0.87
1,춘천,7,6월,0.86
1,춘천,8,6월,0.81
1,춘천,9,6월,0.75
1,춘천,10,6월,0.68
1,춘천,11,6월,0.61
1,춘천,12,6월,0.55
1,춘천,13,6월,0.53
1,춘천,14,6월,0.51
1,춘천,15,6월,0.49
1,춘천,16,6월,0.5
1,춘천,17,6월,0.51
1,춘천,18,6월,0.54
1,춘천,19,6월,0.59
1,춘천,20,6월,0.67
1,춘천,21,6월,0.73
1,춘천,22,6월,0.77
1,춘천,23,6월,0.79
1,춘천,24,6월,0.82
1,춘천,1,7월,0.9
1,춘천,2,7월,0.91
1,춘천,3,7월,0.91
1,춘천,4,7월,0.91
1,춘천,5,7월,0.92
1,춘천,6,7월,0.92
1,춘천,7,7월,0.9
1,춘천,8,7월,0.86
1,춘천,9,7월,0.81
1,춘천,10,7월,0.77
1,춘천,11,7월,0.72
1,춘천,12,7월,0.68
1,춘천,13,7월,0.66
1,춘천,14,7월,0.64
1,춘천,15,7월,0.64
1,춘천,16,7월,0.63
1,춘천,17,7월,0.64
1,춘천,18,7월,0.65
1,춘천,19,7월,0.71
1,춘천,20,7월,0.77
1,춘천,21,7월,0.81
1,춘천,22,7월,0.85
1,춘천,23,7월,0.87
1,춘천,24,7월,0.88
1,춘천,1,8월,0.92
1,춘천,2,8월,0.93
1,춘천,3,8월,0.94
1,춘천,4,8월,0.94
1,춘천,5,8월,0.94
1,춘천,6,8월,0.94
1,춘천,7,8월,0.93
1,춘천,8,8월,0.88
1,춘천,9,8월,0.82
1,춘천,10,8월,0.76
1,춘천,11,8월,0.72
1,춘천,12,8월,0.69
1,춘천,13,8월,0.67
1,춘천,14,8월,0.65
1,춘천,15,8월,0.66
1,춘천,16,8월,0.68
1,춘천,17,8월,0.71
1,춘천,18,8월,0.74
1,춘천,19,8월,0.79
1,춘천,20,8월,0.83
1,춘천,21,8월,0.85
1,춘천,22,8월,0.88
1,춘천,23,8월,0.89
1,춘천,24,8월,0.91
1,춘천,1,9월,0.95
1,춘천,2,9월,0.96
1,춘천,3,9월,0.97
1,춘천,4,9월,0.97
1,춘천,5,9월,0.97
1,춘천,6,9월,0.98
1,춘천,7,9월,0.97
1,춘천,8,9월,0.93
1,춘천,9,9월,0.86
1,춘천,10,9월,0.78
1,춘천,11,9월,0.71
1,춘천,12,9월,0.64
1,춘천,13,9월,0.58
1,춘천,14,9월,0.54
1,춘천,15,9월,0.51
1,춘천,16,9월,0.5
1,춘천,17,9월,0.52
1,춘천,18,9월,0.61
1,춘천,19,9월,0.74
1,춘천,20,9월,0.8
1,춘천,21,9월,0.85
1,춘천,22,9월,0.9
1,춘천,23,9월,0.93
1,춘천,24,9월,0.93
1,춘천,1,10월,0.89
1,춘천,2,10월,0.9
1,춘천,3,10월,0.9
1,춘천,4,10월,0.91
1,춘천,5,10월,0.91
1,춘천,6,10월,0.92
1,춘천,7,10월,0.92
1,춘천,8,10월,0.89
1,춘천,9,10월,0.81
1,춘천,10,10월,0.75
1,춘천,11,10월,0.67
1,춘천,12,10월,0.6
1,춘천,13,10월,0.55
1,춘천,14,10월,0.5
1,춘천,15,10월,0.48
1,춘천,16,10월,0.47
1,춘천,17,10월,0.5
1,춘천,18,10월,0.63
1,춘천,19,10월,0.72
1,춘천,20,10월,0.78
1,춘천,21,10월,0.82
1,춘천,22,10월,0.84
1,춘천,23,10월,0.85
1,춘천,24,10월,0.88
1,춘천,1,11월,0.85
1,춘천,2,11월,0.87
1,춘천,3,11월,0.89
1,춘천,4,11월,0.89
1,춘천,5,11월,0.9
1,춘천,6,11월,0.9
1,춘천,7,11월,0.9
1,춘천,8,11월,0.9
1,춘천,9,11월,0.85
1,춘천,10,11월,0.76
1,춘천,11,11월,0.65
1,춘천,12,11월,0.57
1,춘천,13,11월,0.52
1,춘천,14,11월,0.48
1,춘천,15,11월,0.46
1,춘천,16,11월,0.45
1,춘천,17,11월,0.5
1,춘천,18,11월,0.57
1,춘천,19,11월,0.66
1,춘천,20,11월,0.72
1,춘천,21,11월,0.76
1,춘천,22,11월,0.79
1,춘천,23,11월,0.83
1,춘천,24,11월,0.83
1,춘천,1,12월,0.76
1,춘천,2,12월,0.77
1,춘천,3,12월,0.79
1,춘천,4,12월,0.81
1,춘천,5,12월,0.82
1,춘천,6,12월,0.83
1,춘천,7,12월,0.85
1,춘천,8,12월,0.84
1,춘천,9,12월,0.8
1,춘천,10,12월,0.71
1,춘천,11,12월,0.63
1,춘천,12,12월,0.56
1,춘천,13,12월,0.53
1,춘천,14,12월,0.5
1,춘천,15,12월,0.5
1,춘천,16,12월,0.51
1,춘천,17,12월,0.55
1,춘천,18,12월,0.59
1,춘천,19,12월,0.63
1,춘천,20,12월,0.67
1,춘천,21,12월,0.71
1,춘천,22,12월,0.73
1,춘천,23,12월,0.74
1,춘천,24,12월,0.74
2,강릉,1,1월,0.52
2,강릉,2,1월,0.52
2,강릉,3,1월,0.52
2,강릉,4,1월,0.53
2,강릉,5,1월,0.53
2,강릉,6,1월,0.53
2,강릉,7,1월,0.54
2,강릉,8,1월,0.56
2,강릉,9,1월,0.53
2,강릉,10,1월,0.49
2,강릉,11,1월,0.46
2,강릉,12,1월,0.44
2,강릉,13,1월,0.45
2,강릉,14,1월,0.46
2,강릉,15,1월,0.47
2,강릉,16,1월,0.48
2,강릉,17,1월,0.51
2,강릉,18,1월,0.55
2,강릉,19,1월,0.56
2,강릉,20,1월,0.56
2,강릉,21,1월,0.55
2,강릉,22,1월,0.55
2,강릉,23,1월,0.52
2,강릉,24,1월,0.52
2,강릉,1,2월,0.57
2,강릉,2,2월,0.56
2,강릉,3,2월,0.56
2,강릉,4,2월,0.56
2,강릉,5,2월,0.56
2,강릉,6,2월,0.55
2,강릉,7,2월,0.55
2,강릉,8,2월,0.54
2,강릉,9,2월,0.49
2,강릉,10,2월,0.44
2,강릉,11,2월,0.42
2,강릉,12,2월,0.43
2,강릉,13,2월,0.41
2,강릉,14,2월,0.45
2,강릉,15,2월,0.45
2,강릉,16,2월,0.47
2,강릉,17,2월,0.48
2,강릉,18,2월,0.5
2,강릉,19,2월,0.53
2,강릉,20,2월,0.55
2,강릉,21,2월,0.55
2,강릉,22,2월,0.57
2,강릉,23,2월,0.57
2,강릉,24,2월,0.57
2,강릉,1,3월,0.59
2,강릉,2,3월,0.59
2,강릉,3,3월,0.59
2,강릉,4,3월,0.6
2,강릉,5,3월,0.59
2,강릉,6,3월,0.58
2,강릉,7,3월,0.58
2,강릉,8,3월,0.55
2,강릉,9,3월,0.49
2,강릉,10,3월,0.46
2,강릉,11,3월,0.43
2,강릉,12,3월,0.43
2,강릉,13,3월,0.43
2,강릉,14,3월,0.43
2,강릉,15,3월,0.46
2,강릉,16,3월,0.47
2,강릉,17,3월,0.48
2,강릉,18,3월,0.51
2,강릉,19,3월,0.53
2,강릉,20,3월,0.57
2,강릉,21,3월,0.58
2,강릉,22,3월,0.58
2,강릉,23,3월,0.59
2,강릉,24,3월,0.59
2,강릉,1,4월,0.6
2,강릉,2,4월,0.61
2,강릉,3,4월,0.61
2,강릉,4,4월,0.61
2,강릉,5,4월,0.61
2,강릉,6,4월,0.61
2,강릉,7,4월,0.59
2,강릉,8,4월,0.54
2,강릉,9,4월,0.49
2,강릉,10,4월,0.47
2,강릉,11,4월,0.46
2,강릉,12,4월,0.46
2,강릉,13,4월,0.44
2,강릉,14,4월,0.43
2,강릉,15,4월,0.44
2,강릉,16,4월,0.45
2,강릉,17,4월,0.46
2,강릉,18,4월,0.48
2,강릉,19,4월,0.52
2,강릉,20,4월,0.56
2,강릉,21,4월,0.58
2,강릉,22,4월,0.59
2,강릉,23,4월,0.6
2,강릉,24,4월,0.6
2,강릉,1,5월,0.62
2,강릉,2,5월,0.61
2,강릉,3,5월,0.6
2,강릉,4,5월,0.61
2,강릉,5,5월,0.64
2,강릉,6,5월,0.65
2,강릉,7,5월,0.64
2,강릉,8,5월,0.59
2,강릉,9,5월,0.56
2,강릉,10,5월,0.52
2,강릉,11,5월,0.49
2,강릉,12,5월,0.48
2,강릉,13,5월,0.48
2,강릉,14,5월,0.46
2,강릉,15,5월,0.46
2,강릉,16,5월,0.48
2,강릉,17,5월,0.49
2,강릉,18,5월,0.51
2,강릉,19,5월,0.55
2,강릉,20,5월,0.59
2,강릉,21,5월,0.61
2,강릉,22,5월,0.63
2,강릉,23,5월,0.63
2,강릉,24,5월,0.64
2,강릉,1,6월,0.74
2,강릉,2,6월,0.75
2,강릉,3,6월,0.75
2,강릉,4,6월,0.75
2,강릉,5,6월,0.75
2,강릉,6,6월,0.76
2,강릉,7,6월,0.72
2,강릉,8,6월,0.68
2,강릉,9,6월,0.63
2,강릉,10,6월,0.61
2,강릉,11,6월,0.59
2,강릉,12,6월,0.57
2,강릉,13,6월,0.56
2,강릉,14,6월,0.56
2,강릉,15,6월,0.56
2,강릉,16,6월,0.56
2,강릉,17,6월,0.58
2,강릉,18,6월,0.6
2,강릉,19,6월,0.63
2,강릉,20,6월,0.7
2,강릉,21,6월,0.73
2,강릉,22,6월,0.75
2,강릉,23,6월,0.76
2,강릉,24,6월,0.75
2,강릉,1,7월,0.8
2,강릉,2,7월,0.8
2,강릉,3,7월,0.8
2,강릉,4,7월,0.82
2,강릉,5,7월,0.82
2,강릉,6,7월,0.82
2,강릉,7,7월,0.8
2,강릉,8,7월,0.76
2,강릉,9,7월,0.72
2,강릉,10,7월,0.69
2,강릉,11,7월,0.67
2,강릉,12,7월,0.65
2,강릉,13,7월,0.66
2,강릉,14,7월,0.63
2,강릉,15,7월,0.63
2,강릉,16,7월,0.64
2,강릉,17,7월,0.66
2,강릉,18,7월,0.68
2,강릉,19,7월,0.72
2,강릉,20,7월,0.77
2,강릉,21,7월,0.78
2,강릉,22,7월,0.78
2,강릉,23,7월,0.79
2,강릉,24,7월,0.8
2,강릉,1,8월,0.77
2,강릉,2,8월,0.79
2,강릉,3,8월,0.79
2,강릉,4,8월,0.79
2,강릉,5,8월,0.8
2,강릉,6,8월,0.79
2,강릉,7,8월,0.78
2,강릉,8,8월,0.73
2,강릉,9,8월,0.68
2,강릉,10,8월,0.65
2,강릉,11,8월,0.63
2,강릉,12,8월,0.62
2,강릉,13,8월,0.62
2,강릉,14,8월,0.63
2,강릉,15,8월,0.63
2,강릉,16,8월,0.65
2,강릉,17,8월,0.68
2,강릉,18,8월,0.69
2,강릉,19,8월,0.73
2,강릉,20,8월,0.78
2,강릉,21,8월,0.79
2,강릉,22,8월,0.79
2,강릉,23,8월,0.79
2,강릉,24,8월,0.78
2,강릉,1,9월,0.78
2,강릉,2,9월,0.78
2,강릉,3,9월,0.78
2,강릉,4,9월,0.79
2,강릉,5,9월,0.78
2,강릉,6,9월,0.79
2,강릉,7,9월,0.77
2,강릉,8,9월,0.73
2,강릉,9,9월,0.68
2,강릉,10,9월,0.64
2,강릉,11,9월,0.63
2,강릉,12,9월,0.61
2,강릉,13,9월,0.59
2,강릉,14,9월,0.6
2,강릉,15,9월,0.6
2,강릉,16,9월,0.62
2,강릉,17,9월,0.64
2,강릉,18,9월,0.69
2,강릉,19,9월,0.74
2,강릉,20,9월,0.76
2,강릉,21,9월,0.78
2,강릉,22,9월,0.78
2,강릉,23,9월,0.78
2,강릉,24,9월,0.78
2,강릉,1,10월,0.62
2,강릉,2,10월,0.62
2,강릉,3,10월,0.6
2,강릉,4,10월,0.6
2,강릉,5,10월,0.61
2,강릉,6,10월,0.62
2,강릉,7,10월,0.62
2,강릉,8,10월,0.59
2,강릉,9,10월,0.55
2,강릉,10,10월,0.5
2,강릉,11,10월,0.48
2,강릉,12,10월,0.48
2,강릉,13,10월,0.49
2,강릉,14,10월,0.49
2,강릉,15,10월,0.49
2,강릉,16,10월,0.51
2,강릉,17,10월,0.54
2,강릉,18,10월,0.59
2,강릉,19,10월,0.61
2,강릉,20,10월,0.64
2,강릉,21,10월,0.64
2,강릉,22,10월,0.63
2,강릉,23,10월,0.63
2,강릉,24,10월,0.63
2,강릉,1,11월,0.54
2,강릉,2,11월,0.56
2,강릉,3,11월,0.56
2,강릉,4,11월,0.56
2,강릉,5,11월,0.58
2,강릉,6,11월,0.58
2,강릉,7,11월,0.6
2,강릉,8,11월,0.58
2,강릉,9,11월,0.53
2,강릉,10,11월,0.48
2,강릉,11,11월,0.46
2,강릉,12,11월,0.44
2,강릉,13,11월,0.45
2,강릉,14,11월,0.45
2,강릉,15,11월,0.47
2,강릉,16,11월,0.5
2,강릉,17,11월,0.52
2,강릉,18,11월,0.57
2,강릉,19,11월,0.57
2,강릉,20,11월,0.57
2,강릉,21,11월,0.58
2,강릉,22,11월,0.57
2,강릉,23,11월,0.57
2,강릉,24,11월,0.56
2,강릉,1,12월,0.53
2,강릉,2,12월,0.52
2,강릉,3,12월,0.52
2,강릉,4,12월,0.51
2,강릉,5,12월,0.51
2,강릉,6,12월,0.51
2,강릉,7,12월,0.51
2,강릉,8,12월,0.51
2,강릉,9,12월,0.48
2,강릉,10,12월,0.43
2,강릉,11,12월,0.38
2,강릉,12,12월,0.36
2,강릉,13,12월,0.35
2,강릉,14,12월,0.36
2,강릉,15,12월,0.38
2,강릉,16,12월,0.42
2,강릉,17,12월,0.45
2,강릉,18,12월,0.48
2,강릉,19,12월,0.48
2,강릉,20,12월,0.49
2,강릉,21,12월,0.5
2,강릉,22,12월,0.52
2,강릉,23,12월,0.52
2,강릉,24,12월,0.52
3,서울,1,1월,0.57
3,서울,2,1월,0.58
3,서울,3,1월,0.58
3,서울,4,1월,0.59
3,서울,5,1월,0.61
3,서울,6,1월,0.62
3,서울,7,1월,0.62
3,서울,8,1월,0.63
3,서울,9,1월,0.58
3,서울,10,1월,0.52
3,서울,11,1월,0.47
3,서울,12,1월,0.43
3,서울,13,1월,0.41
3,서울,14,1월,0.4
3,서울,15,1월,0.39
3,서울,16,1월,0.41
3,서울,17,1월,0.42
3,서울,18,1월,0.46
3,서울,19,1월,0.5
3,서울,20,1월,0.53
3,서울,21,1월,0.55
3,서울,22,1월,0.56
3,서울,23,1월,0.56
3,서울,24,1월,0.57
3,서울,1,2월,0.62
3,서울,2,2월,0.64
3,서울,3,2월,0.66
3,서울,4,2월,0.67
3,서울,5,2월,0.69
3,서울,6,2월,0.69
3,서울,7,2월,0.69
3,서울,8,2월,0.69
3,서울,9,2월,0.64
3,서울,10,2월,0.57
3,서울,11,2월,0.52
3,서울,12,2월,0.46
3,서울,13,2월,0.42
3,서울,14,2월,0.39
3,서울,15,2월,0.37
3,서울,16,2월,0.37
3,서울,17,2월,0.39
3,서울,18,2월,0.44
3,서울,19,2월,0.48
3,서울,20,2월,0.52
3,서울,21,2월,0.54
3,서울,22,2월,0.56
3,서울,23,2월,0.58
3,서울,24,2월,0.6
3,서울,1,3월,0.6
3,서울,2,3월,0.61
3,서울,3,3월,0.62
3,서울,4,3월,0.63
3,서울,5,3월,0.64
3,서울,6,3월,0.65
3,서울,7,3월,0.65
3,서울,8,3월,0.62
3,서울,9,3월,0.56
3,서울,10,3월,0.51
3,서울,11,3월,0.47
3,서울,12,3월,0.44
3,서울,13,3월,0.4
3,서울,14,3월,0.39
3,서울,15,3월,0.38
3,서울,16,3월,0.39
3,서울,17,3월,0.41
3,서울,18,3월,0.42
3,서울,19,3월,0.46
3,서울,20,3월,0.49
3,서울,21,3월,0.51
3,서울,22,3월,0.54
3,서울,23,3월,0.56
3,서울,24,3월,0.59
3,서울,1,4월,0.6
3,서울,2,4월,0.62
3,서울,3,4월,0.67
3,서울,4,4월,0.68
3,서울,5,4월,0.68
3,서울,6,4월,0.67
3,서울,7,4월,0.65
3,서울,8,4월,0.6
3,서울,9,4월,0.56
3,서울,10,4월,0.51
3,서울,11,4월,0.47
3,서울,12,4월,0.44
3,서울,13,4월,0.43
3,서울,14,4월,0.44
3,서울,15,4월,0.44
3,서울,16,4월,0.44
3,서울,17,4월,0.45
3,서울,18,4월,0.47
3,서울,19,4월,0.5
3,서울,20,4월,0.52
3,서울,21,4월,0.54
3,서울,22,4월,0.56
3,서울,23,4월,0.58
3,서울,24,4월,0.59
3,서울,1,5월,0.68
3,서울,2,5월,0.69
3,서울,3,5월,0.69
3,서울,4,5월,0.72
3,서울,5,5월,0.72
3,서울,6,5월,0.73
3,서울,7,5월,0.69
3,서울,8,5월,0.64
3,서울,9,5월,0.59
3,서울,10,5월,0.55
3,서울,11,5월,0.51
3,서울,12,5월,0.47
3,서울,13,5월,0.45
3,서울,14,5월,0.43
3,서울,15,5월,0.42
3,서울,16,5월,0.43
3,서울,17,5월,0.45
3,서울,18,5월,0.48
3,서울,19,5월,0.51
3,서울,20,5월,0.57
3,서울,21,5월,0.59
3,서울,22,5월,0.6
3,서울,23,5월,0.62
3,서울,24,5월,0.66
3,서울,1,6월,0.74
3,서울,2,6월,0.76
3,서울,3,6월,0.78
3,서울,4,6월,0.78
3,서울,5,6월,0.79
3,서울,6,6월,0.79
3,서울,7,6월,0.76
3,서울,8,6월,0.73
3,서울,9,6월,0.68
3,서울,10,6월,0.64
3,서울,11,6월,0.59
3,서울,12,6월,0.55
3,서울,13,6월,0.54
3,서울,14,6월,0.52
3,서울,15,6월,0.51
3,서울,16,6월,0.52
3,서울,17,6월,0.53
3,서울,18,6월,0.56
3,서울,19,6월,0.6
3,서울,20,6월,0.64
3,서울,21,6월,0.66
3,서울,22,6월,0.69
3,서울,23,6월,0.71
3,서울,24,6월,0.72
3,서울,1,7월,0.81
3,서울,2,7월,0.83
3,서울,3,7월,0.84
3,서울,4,7월,0.84
3,서울,5,7월,0.85
3,서울,6,7월,0.85
3,서울,7,7월,0.84
3,서울,8,7월,0.81
3,서울,9,7월,0.77
3,서울,10,7월,0.74
3,서울,11,7월,0.71
3,서울,12,7월,0.68
3,서울,13,7월,0.66
3,서울,14,7월,0.64
3,서울,15,7월,0.63
3,서울,16,7월,0.64
3,서울,17,7월,0.65
3,서울,18,7월,0.66
3,서울,19,7월,0.7
3,서울,20,7월,0.72
3,서울,21,7월,0.74
3,서울,22,7월,0.76
3,서울,23,7월,0.78
3,서울,24,7월,0.79
3,서울,1,8월,0.8
3,서울,2,8월,0.81
3,서울,3,8월,0.82
3,서울,4,8월,0.83
3,서울,5,8월,0.83
3,서울,6,8월,0.83
3,서울,7,8월,0.81
3,서울,8,8월,0.78
3,서울,9,8월,0.74
3,서울,10,8월,0.72
3,서울,11,8월,0.7
3,서울,12,8월,0.67
3,서울,13,8월,0.65
3,서울,14,8월,0.64
3,서울,15,8월,0.64
3,서울,16,8월,0.65
3,서울,17,8월,0.67
3,서울,18,8월,0.68
3,서울,19,8월,0.71
3,서울,20,8월,0.74
3,서울,21,8월,0.75
3,서울,22,8월,0.76
3,서울,23,8월,0.78
3,서울,24,8월,0.8
3,서울,1,9월,0.69
3,서울,2,9월,0.7
3,서울,3,9월,0.72
3,서울,4,9월,0.73
3,서울,5,9월,0.74
3,서울,6,9월,0.75
3,서울,7,9월,0.75
3,서울,8,9월,0.71
3,서울,9,9월,0.67
3,서울,10,9월,0.62
3,서울,11,9월,0.58
3,서울,12,9월,0.54
3,서울,13,9월,0.52
3,서울,14,9월,0.5
3,서울,15,9월,0.49
3,서울,16,9월,0.5
3,서울,17,9월,0.51
3,서울,18,9월,0.54
3,서울,19,9월,0.57
3,서울,20,9월,0.61
3,서울,21,9월,0.63
3,서울,22,9월,0.65
3,서울,23,9월,0.66
3,서울,24,9월,0.67
3,서울,1,10월,0.7
3,서울,2,10월,0.71
3,서울,3,10월,0.73
3,서울,4,10월,0.74
3,서울,5,10월,0.75
3,서울,6,10월,0.75
3,서울,7,10월,0.74
3,서울,8,10월,0.7
3,서울,9,10월,0.63
3,서울,10,10월,0.57
3,서울,11,10월,0.54
3,서울,12,10월,0.5
3,서울,13,10월,0.47
3,서울,14,10월,0.43
3,서울,15,10월,0.43
3,서울,16,10월,0.45
3,서울,17,10월,0.46
3,서울,18,10월,0.52
3,서울,19,10월,0.57
3,서울,20,10월,0.59
3,서울,21,10월,0.63
3,서울,22,10월,0.65
3,서울,23,10월,0.67
3,서울,24,10월,0.69
3,서울,1,11월,0.65
3,서울,2,11월,0.65
3,서울,3,11월,0.67
3,서울,4,11월,0.67
3,서울,5,11월,0.68
3,서울,6,11월,0.67
3,서울,7,11월,0.69
3,서울,8,11월,0.68
3,서울,9,11월,0.62
3,서울,10,11월,0.57
3,서울,11,11월,0.52
3,서울,12,11월,0.48
3,서울,13,11월,0.45
3,서울,14,11월,0.44
3,서울,15,11월,0.43
3,서울,16,11월,0.44
3,서울,17,11월,0.47
3,서울,18,11월,0.51
3,서울,19,11월,0.54
3,서울,20,11월,0.55
3,서울,21,11월,0.57
3,서울,22,11월,0.59
3,서울,23,11월,0.61
3,서울,24,11월,0.63
3,서울,1,12월,0.61
3,서울,2,12월,0.62
3,서울,3,12월,0.62
3,서울,4,12월,0.62
3,서울,5,12월,0.63
3,서울,6,12월,0.64
3,서울,7,12월,0.65
3,서울,8,12월,0.64
3,서울,9,12월,0.61
3,서울,10,12월,0.57
3,서울,11,12월,0.52
3,서울,12,12월,0.49
3,서울,13,12월,0.47
3,서울,14,12월,0.45
3,서울,15,12월,0.45
3,서울,16,12월,0.45
3,서울,17,12월,0.47
3,서울,18,12월,0.5
3,서울,19,12월,0.53
3,서울,20,12월,0.54
3,서울,21,12월,0.56
3,서울,22,12월,0.57
3,서울,23,12월,0.59
3,서울,24,12월,0.6
4,인천,1,1월,0.6
4,인천,2,1월,0.6
4,인천,3,1월,0.59
4,인천,4,1월,0.6
4,인천,5,1월,0.6
4,인천,6,1월,0.61
4,인천,7,1월,0.63
4,인천,8,1월,0.64
4,인천,9,1월,0.62
4,인천,10,1월,0.57
4,인천,11,1월,0.52
4,인천,12,1월,0.48
4,인천,13,1월,0.46
4,인천,14,1월,0.44
4,인천,15,1월,0.43
4,인천,16,1월,0.44
4,인천,17,1월,0.47
4,인천,18,1월,0.52
4,인천,19,1월,0.55
4,인천,20,1월,0.58
4,인천,21,1월,0.59
4,인천,22,1월,0.58
4,인천,23,1월,0.6
4,인천,24,1월,0.59
4,인천,1,2월,0.64
4,인천,2,2월,0.64
4,인천,3,2월,0.65
4,인천,4,2월,0.67
4,인천,5,2월,0.68
4,인천,6,2월,0.68
4,인천,7,2월,0.68
4,인천,8,2월,0.67
4,인천,9,2월,0.65
4,인천,10,2월,0.6
4,인천,11,2월,0.56
4,인천,12,2월,0.54
4,인천,13,2월,0.51
4,인천,14,2월,0.49
4,인천,15,2월,0.48
4,인천,16,2월,0.5
4,인천,17,2월,0.52
4,인천,18,2월,0.55
4,인천,19,2월,0.57
4,인천,20,2월,0.58
4,인천,21,2월,0.6
4,인천,22,2월,0.62
4,인천,23,2월,0.64
4,인천,24,2월,0.64
4,인천,1,3월,0.64
4,인천,2,3월,0.65
4,인천,3,3월,0.65
4,인천,4,3월,0.66
4,인천,5,3월,0.66
4,인천,6,3월,0.67
4,인천,7,3월,0.68
4,인천,8,3월,0.67
4,인천,9,3월,0.62
4,인천,10,3월,0.6
4,인천,11,3월,0.56
4,인천,12,3월,0.55
4,인천,13,3월,0.56
4,인천,14,3월,0.55
4,인천,15,3월,0.57
4,인천,16,3월,0.57
4,인천,17,3월,0.6
4,인천,18,3월,0.61
4,인천,19,3월,0.64
4,인천,20,3월,0.66
4,인천,21,3월,0.67
4,인천,22,3월,0.66
4,인천,23,3월,0.64
4,인천,24,3월,0.64
4,인천,1,4월,0.71
4,인천,2,4월,0.74
4,인천,3,4월,0.75
4,인천,4,4월,0.76
4,인천,5,4월,0.76
4,인천,6,4월,0.76
4,인천,7,4월,0.74
4,인천,8,4월,0.7
4,인천,9,4월,0.66
4,인천,10,4월,0.61
4,인천,11,4월,0.57
4,인천,12,4월,0.53
4,인천,13,4월,0.51
4,인천,14,4월,0.49
4,인천,15,4월,0.5
4,인천,16,4월,0.52
4,인천,17,4월,0.54
4,인천,18,4월,0.55
4,인천,19,4월,0.6
4,인천,20,4월,0.64
4,인천,21,4월,0.66
4,인천,22,4월,0.66
4,인천,23,4월,0.67
4,인천,24,4월,0.71
4,인천,1,5월,0.73
4,인천,2,5월,0.75
4,인천,3,5월,0.76
4,인천,4,5월,0.77
4,인천,5,5월,0.77
4,인천,6,5월,0.78
4,인천,7,5월,0.77
4,인천,8,5월,0.71
4,인천,9,5월,0.67
4,인천,10,5월,0.63
4,인천,11,5월,0.59
4,인천,12,5월,0.58
4,인천,13,5월,0.57
4,인천,14,5월,0.57
4,인천,15,5월,0.58
4,인천,16,5월,0.58
4,인천,17,5월,0.59
4,인천,18,5월,0.61
4,인천,19,5월,0.65
4,인천,20,5월,0.68
4,인천,21,5월,0.7
4,인천,22,5월,0.71
4,인천,23,5월,0.7
4,인천,24,5월,0.73
4,인천,1,6월,0.76
4,인천,2,6월,0.78
4,인천,3,6월,0.8
4,인천,4,6월,0.8
4,인천,5,6월,0.81
4,인천,6,6월,0.81
4,인천,7,6월,0.8
4,인천,8,6월,0.76
4,인천,9,6월,0.71
4,인천,10,6월,0.67
4,인천,11,6월,0.63
4,인천,12,6월,0.62
4,인천,13,6월,0.6
4,인천,14,6월,0.6
4,인천,15,6월,0.61
4,인천,16,6월,0.63
4,인천,17,6월,0.63
4,인천,18,6월,0.66
4,인천,19,6월,0.68
4,인천,20,6월,0.71
4,인천,21,6월,0.74
4,인천,22,6월,0.74
4,인천,23,6월,0.76
4,인천,24,6월,0.76
4,인천,1,7월,0.89
4,인천,2,7월,0.89
4,인천,3,7월,0.9
4,인천,4,7월,0.9
4,인천,5,7월,0.91
4,인천,6,7월,0.91
4,인천,7,7월,0.9
4,인천,8,7월,0.89
4,인천,9,7월,0.87
4,인천,10,7월,0.86
4,인천,11,7월,0.83
4,인천,12,7월,0.81
4,인천,13,7월,0.8
4,인천,14,7월,0.78
4,인천,15,7월,0.78
4,인천,16,7월,0.78
4,인천,17,7월,0.8
4,인천,18,7월,0.82
4,인천,19,7월,0.85
4,인천,20,7월,0.87
4,인천,21,7월,0.87
4,인천,22,7월,0.88
4,인천,23,7월,0.88
4,인천,24,7월,0.88
4,인천,1,8월,0.88
4,인천,2,8월,0.89
4,인천,3,8월,0.89
4,인천,4,8월,0.9
4,인천,5,8월,0.9
4,인천,6,8월,0.9
4,인천,7,8월,0.89
4,인천,8,8월,0.86
4,인천,9,8월,0.83
4,인천,10,8월,0.81
4,인천,11,8월,0.8
4,인천,12,8월,0.75
4,인천,13,8월,0.74
4,인천,14,8월,0.71
4,인천,15,8월,0.71
4,인천,16,8월,0.72
4,인천,17,8월,0.74
4,인천,18,8월,0.76
4,인천,19,8월,0.8
4,인천,20,8월,0.83
4,인천,21,8월,0.85
4,인천,22,8월,0.86
4,인천,23,8월,0.86
4,인천,24,8월,0.87
4,인천,1,9월,0.83
4,인천,2,9월,0.84
4,인천,3,9월,0.86
4,인천,4,9월,0.86
4,인천,5,9월,0.86
4,인천,6,9월,0.86
4,인천,7,9월,0.86
4,인천,8,9월,0.84
4,인천,9,9월,0.77
4,인천,10,9월,0.72
4,인천,11,9월,0.69
4,인천,12,9월,0.66
4,인천,13,9월,0.64
4,인천,14,9월,0.62
4,인천,15,9월,0.62
4,인천,16,9월,0.64
4,인천,17,9월,0.66
4,인천,18,9월,0.69
4,인천,19,9월,0.72
4,인천,20,9월,0.74
4,인천,21,9월,0.76
4,인천,22,9월,0.78
4,인천,23,9월,0.79
4,인천,24,9월,0.82
4,인천,1,10월,0.73
4,인천,2,10월,0.75
4,인천,3,10월,0.75
4,인천,4,10월,0.77
4,인천,5,10월,0.78
4,인천,6,10월,0.79
4,인천,7,10월,0.79
4,인천,8,10월,0.76
4,인천,9,10월,0.68
4,인천,10,10월,0.64
4,인천,11,10월,0.6
4,인천,12,10월,0.56
4,인천,13,10월,0.57
4,인천,14,10월,0.54
4,인천,15,10월,0.55
4,인천,16,10월,0.57
4,인천,17,10월,0.59
4,인천,18,10월,0.64
4,인천,19,10월,0.68
4,인천,20,10월,0.7
4,인천,21,10월,0.7
4,인천,22,10월,0.71
4,인천,23,10월,0.72
4,인천,24,10월,0.72
4,인천,1,11월,0.71
4,인천,2,11월,0.71
4,인천,3,11월,0.7
4,인천,4,11월,0.7
4,인천,5,11월,0.71
4,인천,6,11월,0.72
4,인천,7,11월,0.72
4,인천,8,11월,0.72
4,인천,9,11월,0.69
4,인천,10,11월,0.65
4,인천,11,11월,0.62
4,인천,12,11월,0.6
4,인천,13,11월,0.58
4,인천,14,11월,0.58
4,인천,15,11월,0.57
4,인천,16,11월,0.58
4,인천,17,11월,0.6
4,인천,18,11월,0.63
4,인천,19,11월,0.65
4,인천,20,11월,0.67
4,인천,21,11월,0.68
4,인천,22,11월,0.69
4,인천,23,11월,0.7
4,인천,24,11월,0.71
4,인천,1,12월,0.65
4,인천,2,12월,0.65
4,인천,3,12월,0.66
4,인천,4,12월,0.67
4,인천,5,12월,0.68
4,인천,6,12월,0.67
4,인천,7,12월,0.67
4,인천,8,12월,0.66
4,인천,9,12월,0.64
4,인천,10,12월,0.6
4,인천,11,12월,0.57
4,인천,12,12월,0.56
4,인천,13,12월,0.56
4,인천,14,12월,0.56
4,인천,15,12월,0.54
4,인천,16,12월,0.55
4,인천,17,12월,0.57
4,인천,18,12월,0.58
4,인천,19,12월,0.59
4,인천,20,12월,0.59
4,인천,21,12월,0.61
4,인천,22,12월,0.63
4,인천,23,12월,0.64
4,인천,24,12월,0.65
5,원주,1,1월,0.69
5,원주,2,1월,0.71
5,원주,3,1월,0.71
5,원주,4,1월,0.73
5,원주,5,1월,0.74
5,원주,6,1월,0.75
5,원주,7,1월,0.76
5,원주,8,1월,0.78
5,원주,9,1월,0.73
5,원주,10,1월,0.65
5,원주,11,1월,0.56
5,원주,12,1월,0.48
5,원주,13,1월,0.43
5,원주,14,1월,0.42
5,원주,15,1월,0.41
5,원주,16,1월,0.4
5,원주,17,1월,0.42
5,원주,18,1월,0.46
5,원주,19,1월,0.54
5,원주,20,1월,0.57
5,원주,21,1월,0.59
5,원주,22,1월,0.63
5,원주,23,1월,0.66
5,원주,24,1월,0.67
5,원주,1,2월,0.67
5,원주,2,2월,0.69
5,원주,3,2월,0.71
5,원주,4,2월,0.72
5,원주,5,2월,0.75
5,원주,6,2월,0.76
5,원주,7,2월,0.78
5,원주,8,2월,0.77
5,원주,9,2월,0.72
5,원주,10,2월,0.64
5,원주,11,2월,0.57
5,원주,12,2월,0.52
5,원주,13,2월,0.46
5,원주,14,2월,0.42
5,원주,15,2월,0.41
5,원주,16,2월,0.4
5,원주,17,2월,0.41
5,원주,18,2월,0.46
5,원주,19,2월,0.51
5,원주,20,2월,0.55
5,원주,21,2월,0.58
5,원주,22,2월,0.61
5,원주,23,2월,0.63
5,원주,24,2월,0.65
5,원주,1,3월,0.65
5,원주,2,3월,0.67
5,원주,3,3월,0.68
5,원주,4,3월,0.7
5,원주,5,3월,0.72
5,원주,6,3월,0.73
5,원주,7,3월,0.74
5,원주,8,3월,0.7
5,원주,9,3월,0.63
5,원주,10,3월,0.57
5,원주,11,3월,0.48
5,원주,12,3월,0.43
5,원주,13,3월,0.39
5,원주,14,3월,0.36
5,원주,15,3월,0.36
5,원주,16,3월,0.35
5,원주,17,3월,0.36
5,원주,18,3월,0.39
5,원주,19,3월,0.45
5,원주,20,3월,0.49
5,원주,21,3월,0.51
5,원주,22,3월,0.55
5,원주,23,3월,0.59
5,원주,24,3월,0.63
5,원주,1,4월,0.64
5,원주,2,4월,0.67
5,원주,3,4월,0.69
5,원주,4,4월,0.72
5,원주,5,4월,0.75
5,원주,6,4월,0.76
5,원주,7,4월,0.75
5,원주,8,4월,0.69
5,원주,9,4월,0.6
5,원주,10,4월,0.51
5,원주,11,4월,0.44
5,원주,12,4월,0.37
5,원주,13,4월,0.34
5,원주,14,4월,0.33
5,원주,15,4월,0.33
5,원주,16,4월,0.34
5,원주,17,4월,0.34
5,원주,18,4월,0.37
5,원주,19,4월,0.41
5,원주,20,4월,0.46
5,원주,21,4월,0.51
5,원주,22,4월,0.55
5,원주,23,4월,0.58
5,원주,24,4월,0.61
5,원주,1,5월,0.68
5,원주,2,5월,0.71
5,원주,3,5월,0.74
5,원주,4,5월,0.76
5,원주,5,5월,0.78
5,원주,6,5월,0.78
5,원주,7,5월,0.75
5,원주,8,5월,0.7
5,원주,9,5월,0.62
5,원주,10,5월,0.54
5,원주,11,5월,0.49
5,원주,12,5월,0.45
5,원주,13,5월,0.42
5,원주,14,5월,0.41
5,원주,15,5월,0.38
5,원주,16,5월,0.38
5,원주,17,5월,0.39
5,원주,18,5월,0.41
5,원주,19,5월,0.44
5,원주,20,5월,0.5
5,원주,21,5월,0.54
5,원주,22,5월,0.59
5,원주,23,5월,0.62
5,원주,24,5월,0.65
5,원주,1,6월,0.72
5,원주,2,6월,0.75
5,원주,3,6월,0.77
5,원주,4,6월,0.79
5,원주,5,6월,0.81
5,원주,6,6월,0.83
5,원주,7,6월,0.78
5,원주,8,6월,0.74
5,원주,9,6월,0.67
5,원주,10,6월,0.59
5,원주,11,6월,0.54
5,원주,12,6월,0.51
5,원주,13,6월,0.49
5,원주,14,6월,0.47
5,원주,15,6월,0.45
5,원주,16,6월,0.45
5,원주,17,6월,0.48
5,원주,18,6월,0.49
5,원주,19,6월,0.52
5,원주,20,6월,0.56
5,원주,21,6월,0.61
5,원주,22,6월,0.64
5,원주,23,6월,0.67
5,원주,24,6월,0.68
5,원주,1,7월,0.82
5,원주,2,7월,0.83
5,원주,3,7월,0.84
5,원주,4,7월,0.87
5,원주,5,7월,0.87
5,원주,6,7월,0.87
5,원주,7,7월,0.85
5,원주,8,7월,0.82
5,원주,9,7월,0.79
5,원주,10,7월,0.74
5,원주,11,7월,0.69
5,원주,12,7월,0.66
5,원주,13,7월,0.64
5,원주,14,7월,0.63
5,원주,15,7월,0.63
5,원주,16,7월,0.63
5,원주,17,7월,0.64
5,원주,18,7월,0.65
5,원주,19,7월,0.68
5,원주,20,7월,0.72
5,원주,21,7월,0.75
5,원주,22,7월,0.77
5,원주,23,7월,0.8
5,원주,24,7월,0.82
5,원주,1,8월,0.84
5,원주,2,8월,0.84
5,원주,3,8월,0.85
5,원주,4,8월,0.85
5,원주,5,8월,0.85
5,원주,6,8월,0.85
5,원주,7,8월,0.84
5,원주,8,8월,0.81
5,원주,9,8월,0.77
5,원주,10,8월,0.74
5,원주,11,8월,0.71
5,원주,12,8월,0.68
5,원주,13,8월,0.66
5,원주,14,8월,0.64
5,원주,15,8월,0.65
5,원주,16,8월,0.67
5,원주,17,8월,0.68
5,원주,18,8월,0.71
5,원주,19,8월,0.75
5,원주,20,8월,0.78
5,원주,21,8월,0.8
5,원주,22,8월,0.81
5,원주,23,8월,0.82
5,원주,24,8월,0.83
5,원주,1,9월,0.88
5,원주,2,9월,0.9
5,원주,3,9월,0.91
5,원주,4,9월,0.92
5,원주,5,9월,0.93
5,원주,6,9월,0.93
5,원주,7,9월,0.92
5,원주,8,9월,0.89
5,원주,9,9월,0.83
5,원주,10,9월,0.76
5,원주,11,9월,0.7
5,원주,12,9월,0.65
5,원주,13,9월,0.61
5,원주,14,9월,0.59
5,원주,15,9월,0.59
5,원주,16,9월,0.58
5,원주,17,9월,0.61
5,원주,18,9월,0.65
5,원주,19,9월,0.74
5,원주,20,9월,0.78
5,원주,21,9월,0.8
5,원주,22,9월,0.82
5,원주,23,9월,0.84
5,원주,24,9월,0.86
5,원주,1,10월,0.84
5,원주,2,10월,0.86
5,원주,3,10월,0.86
5,원주,4,10월,0.87
5,원주,5,10월,0.87
5,원주,6,10월,0.87
5,원주,7,10월,0.87
5,원주,8,10월,0.84
5,원주,9,10월,0.77
5,원주,10,10월,0.69
5,원주,11,10월,0.62
5,원주,12,10월,0.56
5,원주,13,10월,0.52
5,원주,14,10월,0.5
5,원주,15,10월,0.48
5,원주,16,10월,0.49
5,원주,17,10월,0.54
5,원주,18,10월,0.64
5,원주,19,10월,0.7
5,원주,20,10월,0.73
5,원주,21,10월,0.76
5,원주,22,10월,0.79
5,원주,23,10월,0.81
5,원주,24,10월,0.83
5,원주,1,11월,0.74
5,원주,2,11월,0.77
5,원주,3,11월,0.78
5,원주,4,11월,0.79
5,원주,5,11월,0.8
5,원주,6,11월,0.81
5,원주,7,11월,0.82
5,원주,8,11월,0.8
5,원주,9,11월,0.74
5,원주,10,11월,0.66
5,원주,11,11월,0.59
5,원주,12,11월,0.53
5,원주,13,11월,0.5
5,원주,14,11월,0.48
5,원주,15,11월,0.47
5,원주,16,11월,0.47
5,원주,17,11월,0.49
5,원주,18,11월,0.55
5,원주,19,11월,0.62
5,원주,20,11월,0.65
5,원주,21,11월,0.68
5,원주,22,11월,0.7
5,원주,23,11월,0.71
5,원주,24,11월,0.72
5,원주,1,12월,0.73
5,원주,2,12월,0.75
5,원주,3,12월,0.76
5,원주,4,12월,0.76
5,원주,5,12월,0.76
5,원주,6,12월,0.76
5,원주,7,12월,0.77
5,원주,8,12월,0.77
5,원주,9,12월,0.72
5,원주,10,12월,0.65
5,원주,11,12월,0.59
5,원주,12,12월,0.54
5,원주,13,12월,0.5
5,원주,14,12월,0.48
5,원주,15,12월,0.46
5,원주,16,12월,0.48
5,원주,17,12월,0.52
5,원주,18,12월,0.55
5,원주,19,12월,0.6
5,원주,20,12월,0.63
5,원주,21,12월,0.66
5,원주,22,12월,0.67
5,원주,23,12월,0.68
5,원주,24,12월,0.72
6,청주,1,1월,0.69
6,청주,2,1월,0.7
6,청주,3,1월,0.71
6,청주,4,1월,0.72
6,청주,5,1월,0.74
6,청주,6,1월,0.74
6,청주,7,1월,0.75
6,청주,8,1월,0.76
6,청주,9,1월,0.74
6,청주,10,1월,0.68
6,청주,11,1월,0.64
6,청주,12,1월,0.58
6,청주,13,1월,0.53
6,청주,14,1월,0.5
6,청주,15,1월,0.48
6,청주,16,1월,0.49
6,청주,17,1월,0.51
6,청주,18,1월,0.54
6,청주,19,1월,0.57
6,청주,20,1월,0.59
6,청주,21,1월,0.6
6,청주,22,1월,0.62
6,청주,23,1월,0.64
6,청주,24,1월,0.66
6,청주,1,2월,0.62
6,청주,2,2월,0.63
6,청주,3,2월,0.65
6,청주,4,2월,0.67
6,청주,5,2월,0.68
6,청주,6,2월,0.69
6,청주,7,2월,0.69
6,청주,8,2월,0.69
6,청주,9,2월,0.65
6,청주,10,2월,0.6
6,청주,11,2월,0.53
6,청주,12,2월,0.48
6,청주,13,2월,0.44
6,청주,14,2월,0.41
6,청주,15,2월,0.4
6,청주,16,2월,0.39
6,청주,17,2월,0.4
6,청주,18,2월,0.43
6,청주,19,2월,0.47
6,청주,20,2월,0.5
6,청주,21,2월,0.53
6,청주,22,2월,0.56
6,청주,23,2월,0.58
6,청주,24,2월,0.59
6,청주,1,3월,0.65
6,청주,2,3월,0.67
6,청주,3,3월,0.69
6,청주,4,3월,0.7
6,청주,5,3월,0.71
6,청주,6,3월,0.72
6,청주,7,3월,0.73
6,청주,8,3월,0.71
6,청주,9,3월,0.67
6,청주,10,3월,0.6
6,청주,11,3월,0.53
6,청주,12,3월,0.49
6,청주,13,3월,0.47
6,청주,14,3월,0.45
6,청주,15,3월,0.44
6,청주,16,3월,0.43
6,청주,17,3월,0.45
6,청주,18,3월,0.47
6,청주,19,3월,0.51
6,청주,20,3월,0.53
6,청주,21,3월,0.55
6,청주,22,3월,0.57
6,청주,23,3월,0.6
6,청주,24,3월,0.63
6,청주,1,4월,0.61
6,청주,2,4월,0.63
6,청주,3,4월,0.67
6,청주,4,4월,0.69
6,청주,5,4월,0.72
6,청주,6,4월,0.74
6,청주,7,4월,0.74
6,청주,8,4월,0.7
6,청주,9,4월,0.63
6,청주,10,4월,0.55
6,청주,11,4월,0.45
6,청주,12,4월,0.39
6,청주,13,4월,0.35
6,청주,14,4월,0.33
6,청주,15,4월,0.32
6,청주,16,4월,0.32
6,청주,17,4월,0.33
6,청주,18,4월,0.36
6,청주,19,4월,0.4
6,청주,20,4월,0.43
6,청주,21,4월,0.47
6,청주,22,4월,0.5
6,청주,23,4월,0.53
6,청주,24,4월,0.59
6,청주,1,5월,0.63
6,청주,2,5월,0.67
6,청주,3,5월,0.69
6,청주,4,5월,0.72
6,청주,5,5월,0.75
6,청주,6,5월,0.75
6,청주,7,5월,0.73
6,청주,8,5월,0.69
6,청주,9,5월,0.61
6,청주,10,5월,0.56
6,청주,11,5월,0.5
6,청주,12,5월,0.46
6,청주,13,5월,0.42
6,청주,14,5월,0.4
6,청주,15,5월,0.39
6,청주,16,5월,0.37
6,청주,17,5월,0.38
6,청주,18,5월,0.4
6,청주,19,5월,0.44
6,청주,20,5월,0.48
6,청주,21,5월,0.53
6,청주,22,5월,0.56
6,청주,23,5월,0.58
6,청주,24,5월,0.6
6,청주,1,6월,0.75
6,청주,2,6월,0.76
6,청주,3,6월,0.79
6,청주,4,6월,0.78
6,청주,5,6월,0.8
6,청주,6,6월,0.81
6,청주,7,6월,0.77
6,청주,8,6월,0.74
6,청주,9,6월,0.69
6,청주,10,6월,0.61
6,청주,11,6월,0.56
6,청주,12,6월,0.53
6,청주,13,6월,0.48
6,청주,14,6월,0.47
6,청주,15,6월,0.46
6,청주,16,6월,0.47
6,청주,17,6월,0.48
6,청주,18,6월,0.51
6,청주,19,6월,0.55
6,청주,20,6월,0.61
6,청주,21,6월,0.65
6,청주,22,6월,0.67
6,청주,23,6월,0.71
6,청주,24,6월,0.72
6,청주,1,7월,0.81
6,청주,2,7월,0.82
6,청주,3,7월,0.83
6,청주,4,7월,0.85
6,청주,5,7월,0.85
6,청주,6,7월,0.85
6,청주,7,7월,0.84
6,청주,8,7월,0.8
6,청주,9,7월,0.76
6,청주,10,7월,0.72
6,청주,11,7월,0.68
6,청주,12,7월,0.66
6,청주,13,7월,0.65
6,청주,14,7월,0.64
6,청주,15,7월,0.62
6,청주,16,7월,0.63
6,청주,17,7월,0.64
6,청주,18,7월,0.65
6,청주,19,7월,0.68
6,청주,20,7월,0.71
6,청주,21,7월,0.73
6,청주,22,7월,0.75
6,청주,23,7월,0.77
6,청주,24,7월,0.8
6,청주,1,8월,0.83
6,청주,2,8월,0.84
6,청주,3,8월,0.85
6,청주,4,8월,0.85
6,청주,5,8월,0.86
6,청주,6,8월,0.86
6,청주,7,8월,0.86
6,청주,8,8월,0.82
6,청주,9,8월,0.78
6,청주,10,8월,0.72
6,청주,11,8월,0.68
6,청주,12,8월,0.65
6,청주,13,8월,0.62
6,청주,14,8월,0.6
6,청주,15,8월,0.6
6,청주,16,8월,0.6
6,청주,17,8월,0.61
6,청주,18,8월,0.64
6,청주,19,8월,0.69
6,청주,20,8월,0.73
6,청주,21,8월,0.76
6,청주,22,8월,0.78
6,청주,23,8월,0.8
6,청주,24,8월,0.81
6,청주,1,9월,0.75
6,청주,2,9월,0.77
6,청주,3,9월,0.79
6,청주,4,9월,0.8
6,청주,5,9월,0.82
6,청주,6,9월,0.83
6,청주,7,9월,0.83
6,청주,8,9월,0.8
6,청주,9,9월,0.75
6,청주,10,9월,0.69
6,청주,11,9월,0.62
6,청주,12,9월,0.58
6,청주,13,9월,0.53
6,청주,14,9월,0.48
6,청주,15,9월,0.47
6,청주,16,9월,0.47
6,청주,17,9월,0.48
6,청주,18,9월,0.51
6,청주,19,9월,0.57
6,청주,20,9월,0.61
6,청주,21,9월,0.64
6,청주,22,9월,0.67
6,청주,23,9월,0.7
6,청주,24,9월,0.72
6,청주,1,10월,0.78
6,청주,2,10월,0.81
6,청주,3,10월,0.83
6,청주,4,10월,0.84
6,청주,5,10월,0.85
6,청주,6,10월,0.86
6,청주,7,10월,0.87
6,청주,8,10월,0.84
6,청주,9,10월,0.77
6,청주,10,10월,0.71
6,청주,11,10월,0.64
6,청주,12,10월,0.56
6,청주,13,10월,0.5
6,청주,14,10월,0.46
6,청주,15,10월,0.44
6,청주,16,10월,0.45
6,청주,17,10월,0.47
6,청주,18,10월,0.52
6,청주,19,10월,0.56
6,청주,20,10월,0.61
6,청주,21,10월,0.66
6,청주,22,10월,0.7
6,청주,23,10월,0.73
6,청주,24,10월,0.76
6,청주,1,11월,0.7
6,청주,2,11월,0.72
6,청주,3,11월,0.74
6,청주,4,11월,0.76
6,청주,5,11월,0.76
6,청주,6,11월,0.76
6,청주,7,11월,0.76
6,청주,8,11월,0.75
6,청주,9,11월,0.7
6,청주,10,11월,0.63
6,청주,11,11월,0.56
6,청주,12,11월,0.51
6,청주,13,11월,0.47
6,청주,14,11월,0.44
6,청주,15,11월,0.42
6,청주,16,11월,0.41
6,청주,17,11월,0.44
6,청주,18,11월,0.49
6,청주,19,11월,0.53
6,청주,20,11월,0.55
6,청주,21,11월,0.59
6,청주,22,11월,0.62
6,청주,23,11월,0.65
6,청주,24,11월,0.67
6,청주,1,12월,0.72
6,청주,2,12월,0.72
6,청주,3,12월,0.74
6,청주,4,12월,0.75
6,청주,5,12월,0.75
6,청주,6,12월,0.76
6,청주,7,12월,0.76
6,청주,8,12월,0.75
6,청주,9,12월,0.72
6,청주,10,12월,0.67
6,청주,11,12월,0.62
6,청주,12,12월,0.57
6,청주,13,12월,0.54
6,청주,14,12월,0.51
6,청주,15,12월,0.52
6,청주,16,12월,0.54
6,청주,17,12월,0.56
6,청주,18,12월,0.6
6,청주,19,12월,0.63
6,청주,20,12월,0.66
6,청주,21,12월,0.67
6,청주,22,12월,0.69
6,청주,23,12월,0.71
6,청주,24,12월,0.72
7,대전,1,1월,0.74
7,대전,2,1월,0.75
7,대전,3,1월,0.77
7,대전,4,1월,0.78
7,대전,5,1월,0.79
7,대전,6,1월,0.8
7,대전,7,1월,0.8
7,대전,8,1월,0.81
7,대전,9,1월,0.77
7,대전,10,1월,0.69
7,대전,11,1월,0.6
7,대전,12,1월,0.54
7,대전,13,1월,0.5
7,대전,14,1월,0.48
7,대전,15,1월,0.48
7,대전,16,1월,0.51
7,대전,17,1월,0.53
7,대전,18,1월,0.58
7,대전,19,1월,0.61
7,대전,20,1월,0.64
7,대전,21,1월,0.67
7,대전,22,1월,0.68
7,대전,23,1월,0.7
7,대전,24,1월,0.72
7,대전,1,2월,0.7
7,대전,2,2월,0.73
7,대전,3,2월,0.74
7,대전,4,2월,0.74
7,대전,5,2월,0.76
7,대전,6,2월,0.76
7,대전,7,2월,0.78
7,대전,8,2월,0.79
7,대전,9,2월,0.74
7,대전,10,2월,0.68
7,대전,11,2월,0.58
7,대전,12,2월,0.52
7,대전,13,2월,0.48
7,대전,14,2월,0.46
7,대전,15,2월,0.46
7,대전,16,2월,0.45
7,대전,17,2월,0.48
7,대전,18,2월,0.51
7,대전,19,2월,0.56
7,대전,20,2월,0.59
7,대전,21,2월,0.61
7,대전,22,2월,0.64
7,대전,23,2월,0.66
7,대전,24,2월,0.69
7,대전,1,3월,0.65
7,대전,2,3월,0.66
7,대전,3,3월,0.69
7,대전,4,3월,0.71
7,대전,5,3월,0.71
7,대전,6,3월,0.73
7,대전,7,3월,0.74
7,대전,8,3월,0.69
7,대전,9,3월,0.63
7,대전,10,3월,0.56
7,대전,11,3월,0.5
7,대전,12,3월,0.46
7,대전,13,3월,0.43
7,대전,14,3월,0.42
7,대전,15,3월,0.41
7,대전,16,3월,0.42
7,대전,17,3월,0.44
7,대전,18,3월,0.48
7,대전,19,3월,0.51
7,대전,20,3월,0.55
7,대전,21,3월,0.57
7,대전,22,3월,0.59
7,대전,23,3월,0.62
7,대전,24,3월,0.63
7,대전,1,4월,0.62
7,대전,2,4월,0.66
7,대전,3,4월,0.69
7,대전,4,4월,0.71
7,대전,5,4월,0.74
7,대전,6,4월,0.76
7,대전,7,4월,0.76
7,대전,8,4월,0.68
7,대전,9,4월,0.58
7,대전,10,4월,0.49
7,대전,11,4월,0.42
7,대전,12,4월,0.36
7,대전,13,4월,0.34
7,대전,14,4월,0.32
7,대전,15,4월,0.31
7,대전,16,4월,0.33
7,대전,17,4월,0.33
7,대전,18,4월,0.35
7,대전,19,4월,0.4
7,대전,20,4월,0.45
7,대전,21,4월,0.48
7,대전,22,4월,0.52
7,대전,23,4월,0.55
7,대전,24,4월,0.59
7,대전,1,5월,0.67
7,대전,2,5월,0.7
7,대전,3,5월,0.72
7,대전,4,5월,0.74
7,대전,5,5월,0.76
7,대전,6,5월,0.78
7,대전,7,5월,0.75
7,대전,8,5월,0.69
7,대전,9,5월,0.62
7,대전,10,5월,0.57
7,대전,11,5월,0.53
7,대전,12,5월,0.5
7,대전,13,5월,0.46
7,대전,14,5월,0.44
7,대전,15,5월,0.44
7,대전,16,5월,0.44
7,대전,17,5월,0.45
7,대전,18,5월,0.46
7,대전,19,5월,0.49
7,대전,20,5월,0.52
7,대전,21,5월,0.56
7,대전,22,5월,0.6
7,대전,23,5월,0.63
7,대전,24,5월,0.64
7,대전,1,6월,0.74
7,대전,2,6월,0.76
7,대전,3,6월,0.78
7,대전,4,6월,0.79
7,대전,5,6월,0.81
7,대전,6,6월,0.82
7,대전,7,6월,0.78
7,대전,8,6월,0.72
7,대전,9,6월,0.66
7,대전,10,6월,0.62
7,대전,11,6월,0.57
7,대전,12,6월,0.55
7,대전,13,6월,0.52
7,대전,14,6월,0.51
7,대전,15,6월,0.52
7,대전,16,6월,0.53
7,대전,17,6월,0.54
7,대전,18,6월,0.56
7,대전,19,6월,0.6
7,대전,20,6월,0.64
7,대전,21,6월,0.66
7,대전,22,6월,0.68
7,대전,23,6월,0.7
7,대전,24,6월,0.73
7,대전,1,7월,0.83
7,대전,2,7월,0.83
7,대전,3,7월,0.84
7,대전,4,7월,0.85
7,대전,5,7월,0.85
7,대전,6,7월,0.86
7,대전,7,7월,0.84
7,대전,8,7월,0.81
7,대전,9,7월,0.77
7,대전,10,7월,0.73
7,대전,11,7월,0.69
7,대전,12,7월,0.66
7,대전,13,7월,0.65
7,대전,14,7월,0.65
7,대전,15,7월,0.65
7,대전,16,7월,0.65
7,대전,17,7월,0.67
7,대전,18,7월,0.69
7,대전,19,7월,0.72
7,대전,20,7월,0.76
7,대전,21,7월,0.78
7,대전,22,7월,0.79
7,대전,23,7월,0.81
7,대전,24,7월,0.82
7,대전,1,8월,0.85
7,대전,2,8월,0.86
7,대전,3,8월,0.87
7,대전,4,8월,0.87
7,대전,5,8월,0.87
7,대전,6,8월,0.88
7,대전,7,8월,0.87
7,대전,8,8월,0.82
7,대전,9,8월,0.78
7,대전,10,8월,0.73
7,대전,11,8월,0.72
7,대전,12,8월,0.69
7,대전,13,8월,0.68
7,대전,14,8월,0.67
7,대전,15,8월,0.68
7,대전,16,8월,0.69
7,대전,17,8월,0.69
7,대전,18,8월,0.72
7,대전,19,8월,0.75
7,대전,20,8월,0.78
7,대전,21,8월,0.8
7,대전,22,8월,0.82
7,대전,23,8월,0.83
7,대전,24,8월,0.83
7,대전,1,9월,0.83
7,대전,2,9월,0.84
7,대전,3,9월,0.85
7,대전,4,9월,0.86
7,대전,5,9월,0.87
7,대전,6,9월,0.87
7,대전,7,9월,0.88
7,대전,8,9월,0.82
7,대전,9,9월,0.75
7,대전,10,9월,0.69
7,대전,11,9월,0.63
7,대전,12,9월,0.59
7,대전,13,9월,0.55
7,대전,14,9월,0.52
7,대전,15,9월,0.51
7,대전,16,9월,0.52
7,대전,17,9월,0.55
7,대전,18,9월,0.61
7,대전,19,9월,0.67
7,대전,20,9월,0.71
7,대전,21,9월,0.74
7,대전,22,9월,0.77
7,대전,23,9월,0.78
7,대전,24,9월,0.81
7,대전,1,10월,0.83
7,대전,2,10월,0.84
7,대전,3,10월,0.85
7,대전,4,10월,0.85
7,대전,5,10월,0.86
7,대전,6,10월,0.87
7,대전,7,10월,0.88
7,대전,8,10월,0.84
7,대전,9,10월,0.77
7,대전,10,10월,0.69
7,대전,11,10월,0.62
7,대전,12,10월,0.57
7,대전,13,10월,0.52
7,대전,14,10월,0.49
7,대전,15,10월,0.49
7,대전,16,10월,0.5
7,대전,17,10월,0.56
7,대전,18,10월,0.62
7,대전,19,10월,0.68
7,대전,20,10월,0.71
7,대전,21,10월,0.74
7,대전,22,10월,0.77
7,대전,23,10월,0.79
7,대전,24,10월,0.81
7,대전,1,11월,0.76
7,대전,2,11월,0.78
7,대전,3,11월,0.79
7,대전,4,11월,0.8
7,대전,5,11월,0.82
7,대전,6,11월,0.82
7,대전,7,11월,0.83
7,대전,8,11월,0.82
7,대전,9,11월,0.75
7,대전,10,11월,0.67
7,대전,11,11월,0.59
7,대전,12,11월,0.52
7,대전,13,11월,0.48
7,대전,14,11월,0.46
7,대전,15,11월,0.44
7,대전,16,11월,0.46
7,대전,17,11월,0.51
7,대전,18,11월,0.54
7,대전,19,11월,0.59
7,대전,20,11월,0.62
7,대전,21,11월,0.65
7,대전,22,11월,0.68
7,대전,23,11월,0.72
7,대전,24,11월,0.74
7,대전,1,12월,0.75
7,대전,2,12월,0.76
7,대전,3,12월,0.77
7,대전,4,12월,0.78
7,대전,5,12월,0.78
7,대전,6,12월,0.79
7,대전,7,12월,0.79
7,대전,8,12월,0.79
7,대전,9,12월,0.75
7,대전,10,12월,0.67
7,대전,11,12월,0.6
7,대전,12,12월,0.53
7,대전,13,12월,0.48
7,대전,14,12월,0.46
7,대전,15,12월,0.47
7,대전,16,12월,0.49
7,대전,17,12월,0.54
7,대전,18,12월,0.58
7,대전,19,12월,0.63
7,대전,20,12월,0.66
7,대전,21,12월,0.68
7,대전,22,12월,0.71
7,대전,23,12월,0.71
7,대전,24,12월,0.72
8,대구,1,1월,0.53
8,대구,2,1월,0.53
8,대구,3,1월,0.55
8,대구,4,1월,0.55
8,대구,5,1월,0.56
8,대구,6,1월,0.55
8,대구,7,1월,0.55
8,대구,8,1월,0.55
8,대구,9,1월,0.54
8,대구,10,1월,0.48
8,대구,11,1월,0.43
8,대구,12,1월,0.39
8,대구,13,1월,0.36
8,대구,14,1월,0.34
8,대구,15,1월,0.33
8,대구,16,1월,0.33
8,대구,17,1월,0.36
8,대구,18,1월,0.37
8,대구,19,1월,0.4
8,대구,20,1월,0.43
8,대구,21,1월,0.46
8,대구,22,1월,0.49
8,대구,23,1월,0.5
8,대구,24,1월,0.51
8,대구,1,2월,0.57
8,대구,2,2월,0.58
8,대구,3,2월,0.6
8,대구,4,2월,0.61
8,대구,5,2월,0.63
8,대구,6,2월,0.65
8,대구,7,2월,0.66
8,대구,8,2월,0.65
8,대구,9,2월,0.62
8,대구,10,2월,0.56
8,대구,11,2월,0.52
8,대구,12,2월,0.47
8,대구,13,2월,0.45
8,대구,14,2월,0.43
8,대구,15,2월,0.42
8,대구,16,2월,0.42
8,대구,17,2월,0.42
8,대구,18,2월,0.44
8,대구,19,2월,0.46
8,대구,20,2월,0.48
8,대구,21,2월,0.51
8,대구,22,2월,0.52
8,대구,23,2월,0.54
8,대구,24,2월,0.55
8,대구,1,3월,0.57
8,대구,2,3월,0.57
8,대구,3,3월,0.6
8,대구,4,3월,0.6
8,대구,5,3월,0.62
8,대구,6,3월,0.62
8,대구,7,3월,0.63
8,대구,8,3월,0.61
8,대구,9,3월,0.56
8,대구,10,3월,0.52
8,대구,11,3월,0.48
8,대구,12,3월,0.44
8,대구,13,3월,0.41
8,대구,14,3월,0.38
8,대구,15,3월,0.37
8,대구,16,3월,0.37
8,대구,17,3월,0.39
8,대구,18,3월,0.41
8,대구,19,3월,0.44
8,대구,20,3월,0.46
8,대구,21,3월,0.49
8,대구,22,3월,0.51
8,대구,23,3월,0.53
8,대구,24,3월,0.55
8,대구,1,4월,0.51
8,대구,2,4월,0.54
8,대구,3,4월,0.57
8,대구,4,4월,0.61
8,대구,5,4월,0.62
8,대구,6,4월,0.64
8,대구,7,4월,0.65
8,대구,8,4월,0.61
8,대구,9,4월,0.54
8,대구,10,4월,0.48
8,대구,11,4월,0.42
8,대구,12,4월,0.37
8,대구,13,4월,0.33
8,대구,14,4월,0.31
8,대구,15,4월,0.3
8,대구,16,4월,0.29
8,대구,17,4월,0.29
8,대구,18,4월,0.3
8,대구,19,4월,0.34
8,대구,20,4월,0.37
8,대구,21,4월,0.41
8,대구,22,4월,0.44
8,대구,23,4월,0.46
8,대구,24,4월,0.49
8,대구,1,5월,0.63
8,대구,2,5월,0.65
8,대구,3,5월,0.69
8,대구,4,5월,0.71
8,대구,5,5월,0.73
8,대구,6,5월,0.74
8,대구,7,5월,0.72
8,대구,8,5월,0.65
8,대구,9,5월,0.57
8,대구,10,5월,0.51
8,대구,11,5월,0.44
8,대구,12,5월,0.4
8,대구,13,5월,0.37
8,대구,14,5월,0.35
8,대구,15,5월,0.35
8,대구,16,5월,0.36
8,대구,17,5월,0.36
8,대구,18,5월,0.38
8,대구,19,5월,0.4
8,대구,20,5월,0.45
8,대구,21,5월,0.5
8,대구,22,5월,0.53
8,대구,23,5월,0.57
8,대구,24,5월,0.6
8,대구,1,6월,0.72
8,대구,2,6월,0.75
8,대구,3,6월,0.76
8,대구,4,6월,0.78
8,대구,5,6월,0.79
8,대구,6,6월,0.79
8,대구,7,6월,0.77
8,대구,8,6월,0.72
8,대구,9,6월,0.67
8,대구,10,6월,0.62
8,대구,11,6월,0.57
8,대구,12,6월,0.51
8,대구,13,6월,0.5
8,대구,14,6월,0.47
8,대구,15,6월,0.47
8,대구,16,6월,0.47
8,대구,17,6월,0.5
8,대구,18,6월,0.53
8,대구,19,6월,0.56
8,대구,20,6월,0.6
8,대구,21,6월,0.63
8,대구,22,6월,0.66
8,대구,23,6월,0.69
8,대구,24,6월,0.7
8,대구,1,7월,0.79
8,대구,2,7월,0.8
8,대구,3,7월,0.8
8,대구,4,7월,0.8
8,대구,5,7월,0.82
8,대구,6,7월,0.82
8,대구,7,7월,0.8
8,대구,8,7월,0.77
8,대구,9,7월,0.72
8,대구,10,7월,0.68
8,대구,11,7월,0.66
8,대구,12,7월,0.63
8,대구,13,7월,0.6
8,대구,14,7월,0.59
8,대구,15,7월,0.58
8,대구,16,7월,0.59
8,대구,17,7월,0.62
8,대구,18,7월,0.64
8,대구,19,7월,0.67
8,대구,20,7월,0.7
8,대구,21,7월,0.72
8,대구,22,7월,0.75
8,대구,23,7월,0.76
8,대구,24,7월,0.78
8,대구,1,8월,0.8
8,대구,2,8월,0.81
8,대구,3,8월,0.82
8,대구,4,8월,0.83
8,대구,5,8월,0.84
8,대구,6,8월,0.84
8,대구,7,8월,0.83
8,대구,8,8월,0.79
8,대구,9,8월,0.74
8,대구,10,8월,0.68
8,대구,11,8월,0.64
8,대구,12,8월,0.61
8,대구,13,8월,0.59
8,대구,14,8월,0.58
8,대구,15,8월,0.59
8,대구,16,8월,0.59
8,대구,17,8월,0.61
8,대구,18,8월,0.64
8,대구,19,8월,0.67
8,대구,20,8월,0.71
8,대구,21,8월,0.73
8,대구,22,8월,0.75
8,대구,23,8월,0.76
8,대구,24,8월,0.79
8,대구,1,9월,0.75
8,대구,2,9월,0.77
8,대구,3,9월,0.79
8,대구,4,9월,0.8
8,대구,5,9월,0.81
8,대구,6,9월,0.82
8,대구,7,9월,0.82
8,대구,8,9월,0.78
8,대구,9,9월,0.73
8,대구,10,9월,0.66
8,대구,11,9월,0.59
8,대구,12,9월,0.54
8,대구,13,9월,0.51
8,대구,14,9월,0.48
8,대구,15,9월,0.47
8,대구,16,9월,0.47
8,대구,17,9월,0.49
8,대구,18,9월,0.53
8,대구,19,9월,0.58
8,대구,20,9월,0.62
8,대구,21,9월,0.65
8,대구,22,9월,0.68
8,대구,23,9월,0.71
8,대구,24,9월,0.73
8,대구,1,10월,0.72
8,대구,2,10월,0.74
8,대구,3,10월,0.75
8,대구,4,10월,0.76
8,대구,5,10월,0.77
8,대구,6,10월,0.77
8,대구,7,10월,0.76
8,대구,8,10월,0.72
8,대구,9,10월,0.65
8,대구,10,10월,0.59
8,대구,11,10월,0.53
8,대구,12,10월,0.48
8,대구,13,10월,0.45
8,대구,14,10월,0.42
8,대구,15,10월,0.41
8,대구,16,10월,0.42
8,대구,17,10월,0.45
8,대구,18,10월,0.49
8,대구,19,10월,0.54
8,대구,20,10월,0.58
8,대구,21,10월,0.61
8,대구,22,10월,0.65
8,대구,23,10월,0.67
8,대구,24,10월,0.69
8,대구,1,11월,0.63
8,대구,2,11월,0.66
8,대구,3,11월,0.67
8,대구,4,11월,0.68
8,대구,5,11월,0.69
8,대구,6,11월,0.7
8,대구,7,11월,0.71
8,대구,8,11월,0.69
8,대구,9,11월,0.65
8,대구,10,11월,0.59
8,대구,11,11월,0.52
8,대구,12,11월,0.46
8,대구,13,11월,0.42
8,대구,14,11월,0.4
8,대구,15,11월,0.38
8,대구,16,11월,0.4
8,대구,17,11월,0.42
8,대구,18,11월,0.45
8,대구,19,11월,0.49
8,대구,20,11월,0.52
8,대구,21,11월,0.55
8,대구,22,11월,0.57
8,대구,23,11월,0.59
8,대구,24,11월,0.61
8,대구,1,12월,0.55
8,대구,2,12월,0.56
8,대구,3,12월,0.57
8,대구,4,12월,0.58
8,대구,5,12월,0.59
8,대구,6,12월,0.59
8,대구,7,12월,0.6
8,대구,8,12월,0.6
8,대구,9,12월,0.56
8,대구,10,12월,0.5
8,대구,11,12월,0.44
8,대구,12,12월,0.39
8,대구,13,12월,0.36
8,대구,14,12월,0.34
8,대구,15,12월,0.33
8,대구,16,12월,0.34
8,대구,17,12월,0.36
8,대구,18,12월,0.38
8,대구,19,12월,0.41
8,대구,20,12월,0.44
8,대구,21,12월,0.46
8,대구,22,12월,0.48
8,대구,23,12월,0.5
8,대구,24,12월,0.53
9,전주,1,1월,0.71
9,전주,2,1월,0.73
9,전주,3,1월,0.74
9,전주,4,1월,0.76
9,전주,5,1월,0.77
9,전주,6,1월,0.76
9,전주,7,1월,0.75
9,전주,8,1월,0.74
9,전주,9,1월,0.7
9,전주,10,1월,0.62
9,전주,11,1월,0.55
9,전주,12,1월,0.5
9,전주,13,1월,0.47
9,전주,14,1월,0.46
9,전주,15,1월,0.46
9,전주,16,1월,0.48
9,전주,17,1월,0.5
9,전주,18,1월,0.54
9,전주,19,1월,0.57
9,전주,20,1월,0.61
9,전주,21,1월,0.63
9,전주,22,1월,0.65
9,전주,23,1월,0.67
9,전주,24,1월,0.69
9,전주,1,2월,0.71
9,전주,2,2월,0.72
9,전주,3,2월,0.72
9,전주,4,2월,0.73
9,전주,5,2월,0.74
9,전주,6,2월,0.74
9,전주,7,2월,0.73
9,전주,8,2월,0.72
9,전주,9,2월,0.65
9,전주,10,2월,0.58
9,전주,11,2월,0.51
9,전주,12,2월,0.47
9,전주,13,2월,0.43
9,전주,14,2월,0.42
9,전주,15,2월,0.42
9,전주,16,2월,0.43
9,전주,17,2월,0.45
9,전주,18,2월,0.49
9,전주,19,2월,0.53
9,전주,20,2월,0.57
9,전주,21,2월,0.61
9,전주,22,2월,0.63
9,전주,23,2월,0.66
9,전주,24,2월,0.7
9,전주,1,3월,0.7
9,전주,2,3월,0.7
9,전주,3,3월,0.71
9,전주,4,3월,0.72
9,전주,5,3월,0.72
9,전주,6,3월,0.72
9,전주,7,3월,0.71
9,전주,8,3월,0.66
9,전주,9,3월,0.58
9,전주,10,3월,0.49
9,전주,11,3월,0.43
9,전주,12,3월,0.39
9,전주,13,3월,0.36
9,전주,14,3월,0.36
9,전주,15,3월,0.35
9,전주,16,3월,0.35
9,전주,17,3월,0.38
9,전주,18,3월,0.44
9,전주,19,3월,0.52
9,전주,20,3월,0.55
9,전주,21,3월,0.57
9,전주,22,3월,0.6
9,전주,23,3월,0.64
9,전주,24,3월,0.68
9,전주,1,4월,0.7
9,전주,2,4월,0.73
9,전주,3,4월,0.75
9,전주,4,4월,0.79
9,전주,5,4월,0.8
9,전주,6,4월,0.8
9,전주,7,4월,0.78
9,전주,8,4월,0.71
9,전주,9,4월,0.58
9,전주,10,4월,0.48
9,전주,11,4월,0.42
9,전주,12,4월,0.38
9,전주,13,4월,0.36
9,전주,14,4월,0.35
9,전주,15,4월,0.36
9,전주,16,4월,0.37
9,전주,17,4월,0.4
9,전주,18,4월,0.44
9,전주,19,4월,0.49
9,전주,20,4월,0.53
9,전주,21,4월,0.56
9,전주,22,4월,0.6
9,전주,23,4월,0.64
9,전주,24,4월,0.67
9,전주,1,5월,0.69
9,전주,2,5월,0.72
9,전주,3,5월,0.73
9,전주,4,5월,0.75
9,전주,5,5월,0.76
9,전주,6,5월,0.76
9,전주,7,5월,0.75
9,전주,8,5월,0.68
9,전주,9,5월,0.6
9,전주,10,5월,0.55
9,전주,11,5월,0.51
9,전주,12,5월,0.48
9,전주,13,5월,0.45
9,전주,14,5월,0.43
9,전주,15,5월,0.43
9,전주,16,5월,0.43
9,전주,17,5월,0.44
9,전주,18,5월,0.46
9,전주,19,5월,0.51
9,전주,20,5월,0.56
9,전주,21,5월,0.6
9,전주,22,5월,0.63
9,전주,23,5월,0.66
9,전주,24,5월,0.67
9,전주,1,6월,0.78
9,전주,2,6월,0.81
9,전주,3,6월,0.83
9,전주,4,6월,0.84
9,전주,5,6월,0.86
9,전주,6,6월,0.86
9,전주,7,6월,0.83
9,전주,8,6월,0.75
9,전주,9,6월,0.68
9,전주,10,6월,0.63
9,전주,11,6월,0.58
9,전주,12,6월,0.55
9,전주,13,6월,0.53
9,전주,14,6월,0.52
9,전주,15,6월,0.53
9,전주,16,6월,0.54
9,전주,17,6월,0.55
9,전주,18,6월,0.59
9,전주,19,6월,0.64
9,전주,20,6월,0.68
9,전주,21,6월,0.71
9,전주,22,6월,0.74
9,전주,23,6월,0.77
9,전주,24,6월,0.78
9,전주,1,7월,0.88
9,전주,2,7월,0.89
9,전주,3,7월,0.89
9,전주,4,7월,0.89
9,전주,5,7월,0.9
9,전주,6,7월,0.9
9,전주,7,7월,0.88
9,전주,8,7월,0.82
9,전주,9,7월,0.76
9,전주,10,7월,0.69
9,전주,11,7월,0.68
9,전주,12,7월,0.63
9,전주,13,7월,0.61
9,전주,14,7월,0.61
9,전주,15,7월,0.6
9,전주,16,7월,0.61
9,전주,17,7월,0.63
9,전주,18,7월,0.65
9,전주,19,7월,0.7
9,전주,20,7월,0.74
9,전주,21,7월,0.77
9,전주,22,7월,0.82
9,전주,23,7월,0.84
9,전주,24,7월,0.86
9,전주,1,8월,0.81
9,전주,2,8월,0.83
9,전주,3,8월,0.84
9,전주,4,8월,0.84
9,전주,5,8월,0.86
9,전주,6,8월,0.87
9,전주,7,8월,0.85
9,전주,8,8월,0.79
9,전주,9,8월,0.74
9,전주,10,8월,0.69
9,전주,11,8월,0.65
9,전주,12,8월,0.61
9,전주,13,8월,0.59
9,전주,14,8월,0.59
9,전주,15,8월,0.59
9,전주,16,8월,0.61
9,전주,17,8월,0.62
9,전주,18,8월,0.65
9,전주,19,8월,0.7
9,전주,20,8월,0.73
9,전주,21,8월,0.75
9,전주,22,8월,0.77
9,전주,23,8월,0.79
9,전주,24,8월,0.8
9,전주,1,9월,0.85
9,전주,2,9월,0.86
9,전주,3,9월,0.86
9,전주,4,9월,0.87
9,전주,5,9월,0.88
9,전주,6,9월,0.88
9,전주,7,9월,0.87
9,전주,8,9월,0.82
9,전주,9,9월,0.72
9,전주,10,9월,0.65
9,전주,11,9월,0.58
9,전주,12,9월,0.54
9,전주,13,9월,0.51
9,전주,14,9월,0.5
9,전주,15,9월,0.48
9,전주,16,9월,0.5
9,전주,17,9월,0.55
9,전주,18,9월,0.61
9,전주,19,9월,0.67
9,전주,20,9월,0.73
9,전주,21,9월,0.78
9,전주,22,9월,0.81
9,전주,23,9월,0.83
9,전주,24,9월,0.84
9,전주,1,10월,0.83
9,전주,2,10월,0.84
9,전주,3,10월,0.84
9,전주,4,10월,0.86
9,전주,5,10월,0.86
9,전주,6,10월,0.86
9,전주,7,10월,0.86
9,전주,8,10월,0.8
9,전주,9,10월,0.69
9,전주,10,10월,0.58
9,전주,11,10월,0.49
9,전주,12,10월,0.46
9,전주,13,10월,0.42
9,전주,14,10월,0.4
9,전주,15,10월,0.4
9,전주,16,10월,0.41
9,전주,17,10월,0.44
9,전주,18,10월,0.51
9,전주,19,10월,0.6
9,전주,20,10월,0.67
9,전주,21,10월,0.73
9,전주,22,10월,0.77
9,전주,23,10월,0.8
9,전주,24,10월,0.82
9,전주,1,11월,0.74
9,전주,2,11월,0.75
9,전주,3,11월,0.75
9,전주,4,11월,0.75
9,전주,5,11월,0.75
9,전주,6,11월,0.77
9,전주,7,11월,0.77
9,전주,8,11월,0.78
9,전주,9,11월,0.71
9,전주,10,11월,0.63
9,전주,11,11월,0.55
9,전주,12,11월,0.51
9,전주,13,11월,0.47
9,전주,14,11월,0.45
9,전주,15,11월,0.45
9,전주,16,11월,0.47
9,전주,17,11월,0.5
9,전주,18,11월,0.56
9,전주,19,11월,0.61
9,전주,20,11월,0.64
9,전주,21,11월,0.66
9,전주,22,11월,0.69
9,전주,23,11월,0.71
9,전주,24,11월,0.72
9,전주,1,12월,0.78
9,전주,2,12월,0.8
9,전주,3,12월,0.8
9,전주,4,12월,0.8
9,전주,5,12월,0.8
9,전주,6,12월,0.81
9,전주,7,12월,0.82
9,전주,8,12월,0.82
9,전주,9,12월,0.77
9,전주,10,12월,0.68
9,전주,11,12월,0.59
9,전주,12,12월,0.55
9,전주,13,12월,0.52
9,전주,14,12월,0.51
9,전주,15,12월,0.5
9,전주,16,12월,0.52
9,전주,17,12월,0.56
9,전주,18,12월,0.62
9,전주,19,12월,0.65
9,전주,20,12월,0.68
9,전주,21,12월,0.71
9,전주,22,12월,0.75
9,전주,23,12월,0.75
9,전주,24,12월,0.76
10,광주,1,1월,0.74
10,광주,2,1월,0.75
10,광주,3,1월,0.76
10,광주,4,1월,0.77
10,광주,5,1월,0.78
10,광주,6,1월,0.79
10,광주,7,1월,0.79
10,광주,8,1월,0.79
10,광주,9,1월,0.76
10,광주,10,1월,0.68
10,광주,11,1월,0.62
10,광주,12,1월,0.57
10,광주,13,1월,0.55
10,광주,14,1월,0.51
10,광주,15,1월,0.49
10,광주,16,1월,0.5
10,광주,17,1월,0.54
10,광주,18,1월,0.59
10,광주,19,1월,0.62
10,광주,20,1월,0.65
10,광주,21,1월,0.67
10,광주,22,1월,0.69
10,광주,23,1월,0.71
10,광주,24,1월,0.73
10,광주,1,2월,0.7
10,광주,2,2월,0.71
10,광주,3,2월,0.72
10,광주,4,2월,0.73
10,광주,5,2월,0.73
10,광주,6,2월,0.73
10,광주,7,2월,0.73
10,광주,8,2월,0.73
10,광주,9,2월,0.68
10,광주,10,2월,0.62
10,광주,11,2월,0.56
10,광주,12,2월,0.5
10,광주,13,2월,0.46
10,광주,14,2월,0.44
10,광주,15,2월,0.44
10,광주,16,2월,0.44
10,광주,17,2월,0.46
10,광주,18,2월,0.5
10,광주,19,2월,0.56
10,광주,20,2월,0.59
10,광주,21,2월,0.61
10,광주,22,2월,0.64
10,광주,23,2월,0.65
10,광주,24,2월,0.68
10,광주,1,3월,0.7
10,광주,2,3월,0.72
10,광주,3,3월,0.72
10,광주,4,3월,0.75
10,광주,5,3월,0.75
10,광주,6,3월,0.74
10,광주,7,3월,0.74
10,광주,8,3월,0.71
10,광주,9,3월,0.65
10,광주,10,3월,0.56
10,광주,11,3월,0.48
10,광주,12,3월,0.43
10,광주,13,3월,0.39
10,광주,14,3월,0.36
10,광주,15,3월,0.36
10,광주,16,3월,0.36
10,광주,17,3월,0.39
10,광주,18,3월,0.45
10,광주,19,3월,0.51
10,광주,20,3월,0.56
10,광주,21,3월,0.61
10,광주,22,3월,0.63
10,광주,23,3월,0.64
10,광주,24,3월,0.67
10,광주,1,4월,0.66
10,광주,2,4월,0.69
10,광주,3,4월,0.72
10,광주,4,4월,0.73
10,광주,5,4월,0.74
10,광주,6,4월,0.76
10,광주,7,4월,0.76
10,광주,8,4월,0.7
10,광주,9,4월,0.62
10,광주,10,4월,0.53
10,광주,11,4월,0.45
10,광주,12,4월,0.4
10,광주,13,4월,0.36
10,광주,14,4월,0.34
10,광주,15,4월,0.33
10,광주,16,4월,0.34
10,광주,17,4월,0.36
10,광주,18,4월,0.41
10,광주,19,4월,0.45
10,광주,20,4월,0.5
10,광주,21,4월,0.54
10,광주,22,4월,0.58
10,광주,23,4월,0.61
10,광주,24,4월,0.63
10,광주,1,5월,0.73
10,광주,2,5월,0.75
10,광주,3,5월,0.78
10,광주,4,5월,0.8
10,광주,5,5월,0.81
10,광주,6,5월,0.82
10,광주,7,5월,0.8
10,광주,8,5월,0.75
10,광주,9,5월,0.67
10,광주,10,5월,0.59
10,광주,11,5월,0.53
10,광주,12,5월,0.47
10,광주,13,5월,0.44
10,광주,14,5월,0.43
10,광주,15,5월,0.44
10,광주,16,5월,0.46
10,광주,17,5월,0.46
10,광주,18,5월,0.5
10,광주,19,5월,0.55
10,광주,20,5월,0.6
10,광주,21,5월,0.63
10,광주,22,5월,0.65
10,광주,23,5월,0.68
10,광주,24,5월,0.7
10,광주,1,6월,0.8
10,광주,2,6월,0.81
10,광주,3,6월,0.82
10,광주,4,6월,0.84
10,광주,5,6월,0.85
10,광주,6,6월,0.85
10,광주,7,6월,0.83
10,광주,8,6월,0.78
10,광주,9,6월,0.73
10,광주,10,6월,0.69
10,광주,11,6월,0.64
10,광주,12,6월,0.6
10,광주,13,6월,0.57
10,광주,14,6월,0.56
10,광주,15,6월,0.56
10,광주,16,6월,0.57
10,광주,17,6월,0.6
10,광주,18,6월,0.64
10,광주,19,6월,0.67
10,광주,20,6월,0.7
10,광주,21,6월,0.73
10,광주,22,6월,0.76
10,광주,23,6월,0.78
10,광주,24,6월,0.79
10,광주,1,7월,0.84
10,광주,2,7월,0.85
10,광주,3,7월,0.85
10,광주,4,7월,0.86
10,광주,5,7월,0.88
10,광주,6,7월,0.88
10,광주,7,7월,0.87
10,광주,8,7월,0.83
10,광주,9,7월,0.79
10,광주,10,7월,0.75
10,광주,11,7월,0.72
10,광주,12,7월,0.7
10,광주,13,7월,0.68
10,광주,14,7월,0.66
10,광주,15,7월,0.66
10,광주,16,7월,0.66
10,광주,17,7월,0.68
10,광주,18,7월,0.72
10,광주,19,7월,0.74
10,광주,20,7월,0.76
10,광주,21,7월,0.79
10,광주,22,7월,0.8
10,광주,23,7월,0.81
10,광주,24,7월,0.83
10,광주,1,8월,0.85
10,광주,2,8월,0.86
10,광주,3,8월,0.87
10,광주,4,8월,0.88
10,광주,5,8월,0.89
10,광주,6,8월,0.89
10,광주,7,8월,0.88
10,광주,8,8월,0.84
10,광주,9,8월,0.79
10,광주,10,8월,0.74
10,광주,11,8월,0.71
10,광주,12,8월,0.68
10,광주,13,8월,0.66
10,광주,14,8월,0.66
10,광주,15,8월,0.67
10,광주,16,8월,0.67
10,광주,17,8월,0.68
10,광주,18,8월,0.72
10,광주,19,8월,0.76
10,광주,20,8월,0.8
10,광주,21,8월,0.81
10,광주,22,8월,0.82
10,광주,23,8월,0.84
10,광주,24,8월,0.85
10,광주,1,9월,0.77
10,광주,2,9월,0.78
10,광주,3,9월,0.79
10,광주,4,9월,0.81
10,광주,5,9월,0.81
10,광주,6,9월,0.82
10,광주,7,9월,0.81
10,광주,8,9월,0.77
10,광주,9,9월,0.71
10,광주,10,9월,0.66
10,광주,11,9월,0.62
10,광주,12,9월,0.57
10,광주,13,9월,0.54
10,광주,14,9월,0.53
10,광주,15,9월,0.53
10,광주,16,9월,0.53
10,광주,17,9월,0.54
10,광주,18,9월,0.59
10,광주,19,9월,0.64
10,광주,20,9월,0.67
10,광주,21,9월,0.7
10,광주,22,9월,0.72
10,광주,23,9월,0.74
10,광주,24,9월,0.76
10,광주,1,10월,0.74
10,광주,2,10월,0.77
10,광주,3,10월,0.78
10,광주,4,10월,0.79
10,광주,5,10월,0.8
10,광주,6,10월,0.81
10,광주,7,10월,0.81
10,광주,8,10월,0.77
10,광주,9,10월,0.69
10,광주,10,10월,0.62
10,광주,11,10월,0.57
10,광주,12,10월,0.5
10,광주,13,10월,0.46
10,광주,14,10월,0.43
10,광주,15,10월,0.42
10,광주,16,10월,0.44
10,광주,17,10월,0.46
10,광주,18,10월,0.52
10,광주,19,10월,0.57
10,광주,20,10월,0.61
10,광주,21,10월,0.64
10,광주,22,10월,0.67
10,광주,23,10월,0.69
10,광주,24,10월,0.72
10,광주,1,11월,0.74
10,광주,2,11월,0.76
10,광주,3,11월,0.77
10,광주,4,11월,0.78
10,광주,5,11월,0.8
10,광주,6,11월,0.8
10,광주,7,11월,0.81
10,광주,8,11월,0.79
10,광주,9,11월,0.73
10,광주,10,11월,0.66
10,광주,11,11월,0.61
10,광주,12,11월,0.55
10,광주,13,11월,0.52
10,광주,14,11월,0.48
10,광주,15,11월,0.47
10,광주,16,11월,0.49
10,광주,17,11월,0.52
10,광주,18,11월,0.57
10,광주,19,11월,0.61
10,광주,20,11월,0.64
10,광주,21,11월,0.66
10,광주,22,11월,0.68
10,광주,23,11월,0.69
10,광주,24,11월,0.72
10,광주,1,12월,0.73
10,광주,2,12월,0.74
10,광주,3,12월,0.75
10,광주,4,12월,0.76
10,광주,5,12월,0.77
10,광주,6,12월,0.78
10,광주,7,12월,0.78
10,광주,8,12월,0.79
10,광주,9,12월,0.76
10,광주,10,12월,0.68
10,광주,11,12월,0.62
10,광주,12,12월,0.57
10,광주,13,12월,0.54
10,광주,14,12월,0.53
10,광주,15,12월,0.51
10,광주,16,12월,0.53
10,광주,17,12월,0.57
10,광주,18,12월,0.61
10,광주,19,12월,0.63
10,광주,20,12월,0.64
10,광주,21,12월,0.65
10,광주,22,12월,0.66
10,광주,23,12월,0.69
10,광주,24,12월,0.71
11,부산,1,1월,0.47
11,부산,2,1월,0.47
11,부산,3,1월,0.48
11,부산,4,1월,0.48
11,부산,5,1월,0.49
11,부산,6,1월,0.5
11,부산,7,1월,0.5
11,부산,8,1월,0.5
11,부산,9,1월,0.47
11,부산,10,1월,0.44
11,부산,11,1월,0.4
11,부산,12,1월,0.36
11,부산,13,1월,0.35
11,부산,14,1월,0.34
11,부산,15,1월,0.34
11,부산,16,1월,0.33
11,부산,17,1월,0.34
11,부산,18,1월,0.36
11,부산,19,1월,0.38
11,부산,20,1월,0.4
11,부산,21,1월,0.4
11,부산,22,1월,0.43
11,부산,23,1월,0.44
11,부산,24,1월,0.45
11,부산,1,2월,0.57
11,부산,2,2월,0.58
11,부산,3,2월,0.6
11,부산,4,2월,0.61
11,부산,5,2월,0.62
11,부산,6,2월,0.63
11,부산,7,2월,0.64
11,부산,8,2월,0.63
11,부산,9,2월,0.6
11,부산,10,2월,0.56
11,부산,11,2월,0.52
11,부산,12,2월,0.51
11,부산,13,2월,0.5
11,부산,14,2월,0.5
11,부산,15,2월,0.5
11,부산,16,2월,0.51
11,부산,17,2월,0.53
11,부산,18,2월,0.55
11,부산,19,2월,0.56
11,부산,20,2월,0.56
11,부산,21,2월,0.56
11,부산,22,2월,0.57
11,부산,23,2월,0.58
11,부산,24,2월,0.56
11,부산,1,3월,0.58
11,부산,2,3월,0.58
11,부산,3,3월,0.58
11,부산,4,3월,0.58
11,부산,5,3월,0.59
11,부산,6,3월,0.58
11,부산,7,3월,0.59
11,부산,8,3월,0.57
11,부산,9,3월,0.53
11,부산,10,3월,0.52
11,부산,11,3월,0.5
11,부산,12,3월,0.48
11,부산,13,3월,0.48
11,부산,14,3월,0.47
11,부산,15,3월,0.47
11,부산,16,3월,0.49
11,부산,17,3월,0.52
11,부산,18,3월,0.55
11,부산,19,3월,0.59
11,부산,20,3월,0.61
11,부산,21,3월,0.6
11,부산,22,3월,0.6
11,부산,23,3월,0.59
11,부산,24,3월,0.58
11,부산,1,4월,0.58
11,부산,2,4월,0.57
11,부산,3,4월,0.59
11,부산,4,4월,0.59
11,부산,5,4월,0.59
11,부산,6,4월,0.59
11,부산,7,4월,0.58
11,부산,8,4월,0.54
11,부산,9,4월,0.5
11,부산,10,4월,0.47
11,부산,11,4월,0.46
11,부산,12,4월,0.44
11,부산,13,4월,0.44
11,부산,14,4월,0.46
11,부산,15,4월,0.45
11,부산,16,4월,0.46
11,부산,17,4월,0.47
11,부산,18,4월,0.5
11,부산,19,4월,0.54
11,부산,20,4월,0.57
11,부산,21,4월,0.56
11,부산,22,4월,0.55
11,부산,23,4월,0.57
11,부산,24,4월,0.59
11,부산,1,5월,0.68
11,부산,2,5월,0.68
11,부산,3,5월,0.69
11,부산,4,5월,0.71
11,부산,5,5월,0.72
11,부산,6,5월,0.72
11,부산,7,5월,0.71
11,부산,8,5월,0.65
11,부산,9,5월,0.62
11,부산,10,5월,0.61
11,부산,11,5월,0.61
11,부산,12,5월,0.6
11,부산,13,5월,0.59
11,부산,14,5월,0.61
11,부산,15,5월,0.61
11,부산,16,5월,0.63
11,부산,17,5월,0.64
11,부산,18,5월,0.67
11,부산,19,5월,0.7
11,부산,20,5월,0.72
11,부산,21,5월,0.73
11,부산,22,5월,0.73
11,부산,23,5월,0.72
11,부산,24,5월,0.7
11,부산,1,6월,0.78
11,부산,2,6월,0.79
11,부산,3,6월,0.79
11,부산,4,6월,0.8
11,부산,5,6월,0.8
11,부산,6,6월,0.8
11,부산,7,6월,0.78
11,부산,8,6월,0.75
11,부산,9,6월,0.72
11,부산,10,6월,0.69
11,부산,11,6월,0.68
11,부산,12,6월,0.68
11,부산,13,6월,0.67
11,부산,14,6월,0.66
11,부산,15,6월,0.67
11,부산,16,6월,0.68
11,부산,17,6월,0.69
11,부산,18,6월,0.7
11,부산,19,6월,0.74
11,부산,20,6월,0.77
11,부산,21,6월,0.78
11,부산,22,6월,0.78
11,부산,23,6월,0.78
11,부산,24,6월,0.78
11,부산,1,7월,0.87
11,부산,2,7월,0.87
11,부산,3,7월,0.88
11,부산,4,7월,0.89
11,부산,5,7월,0.89
11,부산,6,7월,0.89
11,부산,7,7월,0.88
11,부산,8,7월,0.85
11,부산,9,7월,0.82
11,부산,10,7월,0.8
11,부산,11,7월,0.78
11,부산,12,7월,0.76
11,부산,13,7월,0.76
11,부산,14,7월,0.76
11,부산,15,7월,0.76
11,부산,16,7월,0.77
11,부산,17,7월,0.79
11,부산,18,7월,0.81
11,부산,19,7월,0.82
11,부산,20,7월,0.84
11,부산,21,7월,0.85
11,부산,22,7월,0.86
11,부산,23,7월,0.86
11,부산,24,7월,0.87
11,부산,1,8월,0.8
11,부산,2,8월,0.8
11,부산,3,8월,0.81
11,부산,4,8월,0.82
11,부산,5,8월,0.83
11,부산,6,8월,0.83
11,부산,7,8월,0.82
11,부산,8,8월,0.78
11,부산,9,8월,0.74
11,부산,10,8월,0.7
11,부산,11,8월,0.69
11,부산,12,8월,0.68
11,부산,13,8월,0.68
11,부산,14,8월,0.66
11,부산,15,8월,0.66
11,부산,16,8월,0.67
11,부산,17,8월,0.69
11,부산,18,8월,0.72
11,부산,19,8월,0.76
11,부산,20,8월,0.77
11,부산,21,8월,0.77
11,부산,22,8월,0.79
11,부산,23,8월,0.79
11,부산,24,8월,0.8
11,부산,1,9월,0.74
11,부산,2,9월,0.76
11,부산,3,9월,0.76
11,부산,4,9월,0.76
11,부산,5,9월,0.76
11,부산,6,9월,0.77
11,부산,7,9월,0.76
11,부산,8,9월,0.73
11,부산,9,9월,0.7
11,부산,10,9월,0.68
11,부산,11,9월,0.66
11,부산,12,9월,0.66
11,부산,13,9월,0.66
11,부산,14,9월,0.65
11,부산,15,9월,0.65
11,부산,16,9월,0.66
11,부산,17,9월,0.68
11,부산,18,9월,0.71
11,부산,19,9월,0.72
11,부산,20,9월,0.71
11,부산,21,9월,0.73
11,부산,22,9월,0.75
11,부산,23,9월,0.73
11,부산,24,9월,0.74
11,부산,1,10월,0.69
11,부산,2,10월,0.69
11,부산,3,10월,0.7
11,부산,4,10월,0.71
11,부산,5,10월,0.71
11,부산,6,10월,0.71
11,부산,7,10월,0.7
11,부산,8,10월,0.67
11,부산,9,10월,0.62
11,부산,10,10월,0.58
11,부산,11,10월,0.55
11,부산,12,10월,0.53
11,부산,13,10월,0.53
11,부산,14,10월,0.53
11,부산,15,10월,0.54
11,부산,16,10월,0.56
11,부산,17,10월,0.6
11,부산,18,10월,0.63
11,부산,19,10월,0.64
11,부산,20,10월,0.65
11,부산,21,10월,0.67
11,부산,22,10월,0.68
11,부산,23,10월,0.68
11,부산,24,10월,0.69
11,부산,1,11월,0.62
11,부산,2,11월,0.62
11,부산,3,11월,0.62
11,부산,4,11월,0.62
11,부산,5,11월,0.62
11,부산,6,11월,0.61
11,부산,7,11월,0.63
11,부산,8,11월,0.6
11,부산,9,11월,0.57
11,부산,10,11월,0.52
11,부산,11,11월,0.48
11,부산,12,11월,0.47
11,부산,13,11월,0.46
11,부산,14,11월,0.46
11,부산,15,11월,0.46
11,부산,16,11월,0.49
11,부산,17,11월,0.52
11,부산,18,11월,0.56
11,부산,19,11월,0.58
11,부산,20,11월,0.6
11,부산,21,11월,0.6
11,부산,22,11월,0.61
11,부산,23,11월,0.61
11,부산,24,11월,0.61
11,부산,1,12월,0.49
11,부산,2,12월,0.5
11,부산,3,12월,0.51
11,부산,4,12월,0.52
11,부산,5,12월,0.52
11,부산,6,12월,0.52
11,부산,7,12월,0.52
11,부산,8,12월,0.52
11,부산,9,12월,0.48
11,부산,10,12월,0.44
11,부산,11,12월,0.4
11,부산,12,12월,0.38
11,부산,13,12월,0.36
11,부산,14,12월,0.35
11,부산,15,12월,0.35
11,부산,16,12월,0.36
11,부산,17,12월,0.39
11,부산,18,12월,0.4
11,부산,19,12월,0.42
11,부산,20,12월,0.43
11,부산,21,12월,0.43
11,부산,22,12월,0.45
11,부산,23,12월,0.46
11,부산,24,12월,0.48
12,목포,1,1월,0.83
12,목포,2,1월,0.82
12,목포,3,1월,0.83
12,목포,4,1월,0.85
12,목포,5,1월,0.84
12,목포,6,1월,0.85
12,목포,7,1월,0.84
12,목포,8,1월,0.83
12,목포,9,1월,0.81
12,목포,10,1월,0.76
12,목포,11,1월,0.7
12,목포,12,1월,0.66
12,목포,13,1월,0.67
12,목포,14,1월,0.66
12,목포,15,1월,0.65
12,목포,16,1월,0.66
12,목포,17,1월,0.69
12,목포,18,1월,0.75
12,목포,19,1월,0.78
12,목포,20,1월,0.78
12,목포,21,1월,0.79
12,목포,22,1월,0.81
12,목포,23,1월,0.83
12,목포,24,1월,0.81
12,목포,1,2월,0.82
12,목포,2,2월,0.83
12,목포,3,2월,0.83
12,목포,4,2월,0.83
12,목포,5,2월,0.83
12,목포,6,2월,0.83
12,목포,7,2월,0.82
12,목포,8,2월,0.81
12,목포,9,2월,0.78
12,목포,10,2월,0.75
12,목포,11,2월,0.71
12,목포,12,2월,0.68
12,목포,13,2월,0.66
12,목포,14,2월,0.63
12,목포,15,2월,0.63
12,목포,16,2월,0.66
12,목포,17,2월,0.67
12,목포,18,2월,0.72
12,목포,19,2월,0.75
12,목포,20,2월,0.79
12,목포,21,2월,0.8
12,목포,22,2월,0.79
12,목포,23,2월,0.8
12,목포,24,2월,0.81
12,목포,1,3월,0.87
12,목포,2,3월,0.87
12,목포,3,3월,0.86
12,목포,4,3월,0.86
12,목포,5,3월,0.87
12,목포,6,3월,0.87
12,목포,7,3월,0.87
12,목포,8,3월,0.84
12,목포,9,3월,0.77
12,목포,10,3월,0.7
12,목포,11,3월,0.64
12,목포,12,3월,0.61
12,목포,13,3월,0.62
12,목포,14,3월,0.61
12,목포,15,3월,0.62
12,목포,16,3월,0.64
12,목포,17,3월,0.68
12,목포,18,3월,0.73
12,목포,19,3월,0.78
12,목포,20,3월,0.82
12,목포,21,3월,0.84
12,목포,22,3월,0.86
12,목포,23,3월,0.85
12,목포,24,3월,0.86
12,목포,1,4월,0.81
12,목포,2,4월,0.83
12,목포,3,4월,0.84
12,목포,4,4월,0.84
12,목포,5,4월,0.85
12,목포,6,4월,0.84
12,목포,7,4월,0.83
12,목포,8,4월,0.77
12,목포,9,4월,0.71
12,목포,10,4월,0.62
12,목포,11,4월,0.55
12,목포,12,4월,0.53
12,목포,13,4월,0.5
12,목포,14,4월,0.5
12,목포,15,4월,0.52
12,목포,16,4월,0.53
12,목포,17,4월,0.57
12,목포,18,4월,0.62
12,목포,19,4월,0.68
12,목포,20,4월,0.72
12,목포,21,4월,0.75
12,목포,22,4월,0.76
12,목포,23,4월,0.79
12,목포,24,4월,0.79
12,목포,1,5월,0.88
12,목포,2,5월,0.9
12,목포,3,5월,0.89
12,목포,4,5월,0.89
12,목포,5,5월,0.88
12,목포,6,5월,0.89
12,목포,7,5월,0.85
12,목포,8,5월,0.8
12,목포,9,5월,0.75
12,목포,10,5월,0.69
12,목포,11,5월,0.65
12,목포,12,5월,0.62
12,목포,13,5월,0.62
12,목포,14,5월,0.62
12,목포,15,5월,0.63
12,목포,16,5월,0.63
12,목포,17,5월,0.64
12,목포,18,5월,0.67
12,목포,19,5월,0.71
12,목포,20,5월,0.76
12,목포,21,5월,0.79
12,목포,22,5월,0.82
12,목포,23,5월,0.85
12,목포,24,5월,0.86
12,목포,1,6월,0.89
12,목포,2,6월,0.91
12,목포,3,6월,0.92
12,목포,4,6월,0.92
12,목포,5,6월,0.93
12,목포,6,6월,0.92
12,목포,7,6월,0.9
12,목포,8,6월,0.86
12,목포,9,6월,0.81
12,목포,10,6월,0.75
12,목포,11,6월,0.73
12,목포,12,6월,0.71
12,목포,13,6월,0.71
12,목포,14,6월,0.69
12,목포,15,6월,0.7
12,목포,16,6월,0.71
12,목포,17,6월,0.74
12,목포,18,6월,0.78
12,목포,19,6월,0.82
12,목포,20,6월,0.85
12,목포,21,6월,0.87
12,목포,22,6월,0.89
12,목포,23,6월,0.91
12,목포,24,6월,0.9
12,목포,1,7월,0.97
12,목포,2,7월,0.98
12,목포,3,7월,0.98
12,목포,4,7월,0.98
12,목포,5,7월,0.98
12,목포,6,7월,0.98
12,목포,7,7월,0.97
12,목포,8,7월,0.94
12,목포,9,7월,0.91
12,목포,10,7월,0.9
12,목포,11,7월,0.87
12,목포,12,7월,0.85
12,목포,13,7월,0.83
12,목포,14,7월,0.83
12,목포,15,7월,0.83
12,목포,16,7월,0.84
12,목포,17,7월,0.86
12,목포,18,7월,0.87
12,목포,19,7월,0.89
12,목포,20,7월,0.92
12,목포,21,7월,0.94
12,목포,22,7월,0.96
12,목포,23,7월,0.96
12,목포,24,7월,0.97
12,목포,1,8월,0.91
12,목포,2,8월,0.92
12,목포,3,8월,0.92
12,목포,4,8월,0.92
12,목포,5,8월,0.93
12,목포,6,8월,0.93
12,목포,7,8월,0.93
12,목포,8,8월,0.88
12,목포,9,8월,0.84
12,목포,10,8월,0.81
12,목포,11,8월,0.8
12,목포,12,8월,0.77
12,목포,13,8월,0.75
12,목포,14,8월,0.74
12,목포,15,8월,0.74
12,목포,16,8월,0.75
12,목포,17,8월,0.75
12,목포,18,8월,0.78
12,목포,19,8월,0.83
12,목포,20,8월,0.87
12,목포,21,8월,0.89
12,목포,22,8월,0.9
12,목포,23,8월,0.91
12,목포,24,8월,0.91
12,목포,1,9월,0.89
12,목포,2,9월,0.9
12,목포,3,9월,0.91
12,목포,4,9월,0.92
12,목포,5,9월,0.91
12,목포,6,9월,0.91
12,목포,7,9월,0.91
12,목포,8,9월,0.88
12,목포,9,9월,0.82
12,목포,10,9월,0.77
12,목포,11,9월,0.73
12,목포,12,9월,0.71
12,목포,13,9월,0.68
12,목포,14,9월,0.68
12,목포,15,9월,0.68
12,목포,16,9월,0.69
12,목포,17,9월,0.74
12,목포,18,9월,0.78
12,목포,19,9월,0.82
12,목포,20,9월,0.84
12,목포,21,9월,0.86
12,목포,22,9월,0.88
12,목포,23,9월,0.89
12,목포,24,9월,0.89
12,목포,1,10월,0.84
12,목포,2,10월,0.84
12,목포,3,10월,0.86
12,목포,4,10월,0.86
12,목포,5,10월,0.85
12,목포,6,10월,0.85
12,목포,7,10월,0.85
12,목포,8,10월,0.81
12,목포,9,10월,0.74
12,목포,10,10월,0.69
12,목포,11,10월,0.65
12,목포,12,10월,0.6
12,목포,13,10월,0.6
12,목포,14,10월,0.58
12,목포,15,10월,0.59
12,목포,16,10월,0.6
12,목포,17,10월,0.65
12,목포,18,10월,0.7
12,목포,19,10월,0.74
12,목포,20,10월,0.77
12,목포,21,10월,0.8
12,목포,22,10월,0.81
12,목포,23,10월,0.83
12,목포,24,10월,0.84
12,목포,1,11월,0.77
12,목포,2,11월,0.78
12,목포,3,11월,0.78
12,목포,4,11월,0.78
12,목포,5,11월,0.78
12,목포,6,11월,0.78
12,목포,7,11월,0.78
12,목포,8,11월,0.76
12,목포,9,11월,0.71
12,목포,10,11월,0.66
12,목포,11,11월,0.61
12,목포,12,11월,0.57
12,목포,13,11월,0.57
12,목포,14,11월,0.56
12,목포,15,11월,0.56
12,목포,16,11월,0.58
12,목포,17,11월,0.62
12,목포,18,11월,0.68
12,목포,19,11월,0.7
12,목포,20,11월,0.72
12,목포,21,11월,0.74
12,목포,22,11월,0.75
12,목포,23,11월,0.75
12,목포,24,11월,0.76
12,목포,1,12월,0.85
12,목포,2,12월,0.85
12,목포,3,12월,0.84
12,목포,4,12월,0.85
12,목포,5,12월,0.86
12,목포,6,12월,0.87
12,목포,7,12월,0.86
12,목포,8,12월,0.86
12,목포,9,12월,0.83
12,목포,10,12월,0.79
12,목포,11,12월,0.75
12,목포,12,12월,0.7
12,목포,13,12월,0.68
12,목포,14,12월,0.66
12,목포,15,12월,0.66
12,목포,16,12월,0.69
12,목포,17,12월,0.73
12,목포,18,12월,0.77
12,목포,19,12월,0.78
12,목포,20,12월,0.79
12,목포,21,12월,0.79
12,목포,22,12월,0.81
12,목포,23,12월,0.83
12,목포,24,12월,0.85
13,서산,1,1월,0.74
13,서산,2,1월,0.77
13,서산,3,1월,0.79
13,서산,4,1월,0.8
13,서산,5,1월,0.79
13,서산,6,1월,0.79
13,서산,7,1월,0.8
13,서산,8,1월,0.8
13,서산,9,1월,0.76
13,서산,10,1월,0.69
13,서산,11,1월,0.64
13,서산,12,1월,0.57
13,서산,13,1월,0.53
13,서산,14,1월,0.48
13,서산,15,1월,0.48
13,서산,16,1월,0.5
13,서산,17,1월,0.54
13,서산,18,1월,0.61
13,서산,19,1월,0.67
13,서산,20,1월,0.7
13,서산,21,1월,0.71
13,서산,22,1월,0.72
13,서산,23,1월,0.74
13,서산,24,1월,0.74
13,서산,1,2월,0.73
13,서산,2,2월,0.75
13,서산,3,2월,0.77
13,서산,4,2월,0.79
13,서산,5,2월,0.79
13,서산,6,2월,0.8
13,서산,7,2월,0.79
13,서산,8,2월,0.8
13,서산,9,2월,0.74
13,서산,10,2월,0.66
13,서산,11,2월,0.6
13,서산,12,2월,0.55
13,서산,13,2월,0.53
13,서산,14,2월,0.52
13,서산,15,2월,0.5
13,서산,16,2월,0.51
13,서산,17,2월,0.55
13,서산,18,2월,0.59
13,서산,19,2월,0.64
13,서산,20,2월,0.69
13,서산,21,2월,0.72
13,서산,22,2월,0.72
13,서산,23,2월,0.73
13,서산,24,2월,0.72
13,서산,1,3월,0.75
13,서산,2,3월,0.75
13,서산,3,3월,0.77
13,서산,4,3월,0.77
13,서산,5,3월,0.76
13,서산,6,3월,0.77
13,서산,7,3월,0.78
13,서산,8,3월,0.76
13,서산,9,3월,0.71
13,서산,10,3월,0.64
13,서산,11,3월,0.6
13,서산,12,3월,0.6
13,서산,13,3월,0.59
13,서산,14,3월,0.59
13,서산,15,3월,0.59
13,서산,16,3월,0.6
13,서산,17,3월,0.61
13,서산,18,3월,0.63
13,서산,19,3월,0.67
13,서산,20,3월,0.7
13,서산,21,3월,0.72
13,서산,22,3월,0.73
13,서산,23,3월,0.76
13,서산,24,3월,0.75
13,서산,1,4월,0.85
13,서산,2,4월,0.86
13,서산,3,4월,0.87
13,서산,4,4월,0.88
13,서산,5,4월,0.88
13,서산,6,4월,0.89
13,서산,7,4월,0.86
13,서산,8,4월,0.79
13,서산,9,4월,0.71
13,서산,10,4월,0.62
13,서산,11,4월,0.55
13,서산,12,4월,0.5
13,서산,13,4월,0.48
13,서산,14,4월,0.48
13,서산,15,4월,0.48
13,서산,16,4월,0.48
13,서산,17,4월,0.49
13,서산,18,4월,0.52
13,서산,19,4월,0.59
13,서산,20,4월,0.68
13,서산,21,4월,0.72
13,서산,22,4월,0.76
13,서산,23,4월,0.79
13,서산,24,4월,0.83
13,서산,1,5월,0.85
13,서산,2,5월,0.85
13,서산,3,5월,0.86
13,서산,4,5월,0.87
13,서산,5,5월,0.87
13,서산,6,5월,0.87
13,서산,7,5월,0.83
13,서산,8,5월,0.77
13,서산,9,5월,0.69
13,서산,10,5월,0.63
13,서산,11,5월,0.6
13,서산,12,5월,0.56
13,서산,13,5월,0.54
13,서산,14,5월,0.53
13,서산,15,5월,0.53
13,서산,16,5월,0.52
13,서산,17,5월,0.54
13,서산,18,5월,0.58
13,서산,19,5월,0.64
13,서산,20,5월,0.7
13,서산,21,5월,0.76
13,서산,22,5월,0.78
13,서산,23,5월,0.82
13,서산,24,5월,0.84
13,서산,1,6월,0.84
13,서산,2,6월,0.84
13,서산,3,6월,0.85
13,서산,4,6월,0.86
13,서산,5,6월,0.87
13,서산,6,6월,0.88
13,서산,7,6월,0.83
13,서산,8,6월,0.77
13,서산,9,6월,0.7
13,서산,10,6월,0.66
13,서산,11,6월,0.65
13,서산,12,6월,0.63
13,서산,13,6월,0.62
13,서산,14,6월,0.62
13,서산,15,6월,0.62
13,서산,16,6월,0.62
13,서산,17,6월,0.64
13,서산,18,6월,0.67
13,서산,19,6월,0.69
13,서산,20,6월,0.74
13,서산,21,6월,0.76
13,서산,22,6월,0.79
13,서산,23,6월,0.81
13,서산,24,6월,0.82
13,서산,1,7월,0.93
13,서산,2,7월,0.93
13,서산,3,7월,0.93
13,서산,4,7월,0.93
13,서산,5,7월,0.94
13,서산,6,7월,0.94
13,서산,7,7월,0.93
13,서산,8,7월,0.89
13,서산,9,7월,0.84
13,서산,10,7월,0.81
13,서산,11,7월,0.78
13,서산,12,7월,0.76
13,서산,13,7월,0.75
13,서산,14,7월,0.73
13,서산,15,7월,0.74
13,서산,16,7월,0.75
13,서산,17,7월,0.77
13,서산,18,7월,0.8
13,서산,19,7월,0.82
13,서산,20,7월,0.86
13,서산,21,7월,0.88
13,서산,22,7월,0.89
13,서산,23,7월,0.9
13,서산,24,7월,0.92
13,서산,1,8월,0.91
13,서산,2,8월,0.92
13,서산,3,8월,0.92
13,서산,4,8월,0.92
13,서산,5,8월,0.93
13,서산,6,8월,0.94
13,서산,7,8월,0.93
13,서산,8,8월,0.88
13,서산,9,8월,0.85
13,서산,10,8월,0.8
13,서산,11,8월,0.78
13,서산,12,8월,0.77
13,서산,13,8월,0.74
13,서산,14,8월,0.72
13,서산,15,8월,0.71
13,서산,16,8월,0.72
13,서산,17,8월,0.73
13,서산,18,8월,0.75
13,서산,19,8월,0.8
13,서산,20,8월,0.85
13,서산,21,8월,0.87
13,서산,22,8월,0.88
13,서산,23,8월,0.89
13,서산,24,8월,0.9
13,서산,1,9월,0.9
13,서산,2,9월,0.91
13,서산,3,9월,0.91
13,서산,4,9월,0.91
13,서산,5,9월,0.92
13,서산,6,9월,0.91
13,서산,7,9월,0.91
13,서산,8,9월,0.85
13,서산,9,9월,0.78
13,서산,10,9월,0.7
13,서산,11,9월,0.65
13,서산,12,9월,0.6
13,서산,13,9월,0.57
13,서산,14,9월,0.56
13,서산,15,9월,0.58
13,서산,16,9월,0.59
13,서산,17,9월,0.62
13,서산,18,9월,0.71
13,서산,19,9월,0.79
13,서산,20,9월,0.82
13,서산,21,9월,0.83
13,서산,22,9월,0.87
13,서산,23,9월,0.88
13,서산,24,9월,0.89
13,서산,1,10월,0.88
13,서산,2,10월,0.87
13,서산,3,10월,0.87
13,서산,4,10월,0.88
13,서산,5,10월,0.88
13,서산,6,10월,0.88
13,서산,7,10월,0.88
13,서산,8,10월,0.85
13,서산,9,10월,0.77
13,서산,10,10월,0.68
13,서산,11,10월,0.62
13,서산,12,10월,0.57
13,서산,13,10월,0.53
13,서산,14,10월,0.53
13,서산,15,10월,0.54
13,서산,16,10월,0.58
13,서산,17,10월,0.63
13,서산,18,10월,0.72
13,서산,19,10월,0.78
13,서산,20,10월,0.82
13,서산,21,10월,0.85
13,서산,22,10월,0.86
13,서산,23,10월,0.87
13,서산,24,10월,0.88
13,서산,1,11월,0.83
13,서산,2,11월,0.83
13,서산,3,11월,0.84
13,서산,4,11월,0.84
13,서산,5,11월,0.85
13,서산,6,11월,0.84
13,서산,7,11월,0.84
13,서산,8,11월,0.81
13,서산,9,11월,0.75
13,서산,10,11월,0.68
13,서산,11,11월,0.61
13,서산,12,11월,0.56
13,서산,13,11월,0.54
13,서산,14,11월,0.54
13,서산,15,11월,0.56
13,서산,16,11월,0.58
13,서산,17,11월,0.63
13,서산,18,11월,0.7
13,서산,19,11월,0.73
13,서산,20,11월,0.76
13,서산,21,11월,0.78
13,서산,22,11월,0.8
13,서산,23,11월,0.81
13,서산,24,11월,0.82
13,서산,1,12월,0.82
13,서산,2,12월,0.82
13,서산,3,12월,0.82
13,서산,4,12월,0.83
13,서산,5,12월,0.81
13,서산,6,12월,0.82
13,서산,7,12월,0.81
13,서산,8,12월,0.8
13,서산,9,12월,0.78
13,서산,10,12월,0.69
13,서산,11,12월,0.64
13,서산,12,12월,0.57
13,서산,13,12월,0.55
13,서산,14,12월,0.53
13,서산,15,12월,0.53
13,서산,16,12월,0.53
13,서산,17,12월,0.58
13,서산,18,12월,0.64
13,서산,19,12월,0.69
13,서산,20,12월,0.72
13,서산,21,12월,0.75
13,서산,22,12월,0.77
13,서산,23,12월,0.79
13,서산,24,12월,0.81
14,진주,1,1월,0.69
14,진주,2,1월,0.71
14,진주,3,1월,0.73
14,진주,4,1월,0.74
14,진주,5,1월,0.75
14,진주,6,1월,0.76
14,진주,7,1월,0.77
14,진주,8,1월,0.77
14,진주,9,1월,0.7
14,진주,10,1월,0.6
14,진주,11,1월,0.46
14,진주,12,1월,0.38
14,진주,13,1월,0.34
14,진주,14,1월,0.32
14,진주,15,1월,0.32
14,진주,16,1월,0.33
14,진주,17,1월,0.35
14,진주,18,1월,0.43
14,진주,19,1월,0.5
14,진주,20,1월,0.55
14,진주,21,1월,0.58
14,진주,22,1월,0.62
14,진주,23,1월,0.64
14,진주,24,1월,0.66
14,진주,1,2월,0.69
14,진주,2,2월,0.7
14,진주,3,2월,0.72
14,진주,4,2월,0.73
14,진주,5,2월,0.75
14,진주,6,2월,0.75
14,진주,7,2월,0.74
14,진주,8,2월,0.72
14,진주,9,2월,0.65
14,진주,10,2월,0.54
14,진주,11,2월,0.47
14,진주,12,2월,0.43
14,진주,13,2월,0.39
14,진주,14,2월,0.36
14,진주,15,2월,0.34
14,진주,16,2월,0.35
14,진주,17,2월,0.38
14,진주,18,2월,0.42
14,진주,19,2월,0.47
14,진주,20,2월,0.55
14,진주,21,2월,0.59
14,진주,22,2월,0.61
14,진주,23,2월,0.65
14,진주,24,2월,0.67
14,진주,1,3월,0.65
14,진주,2,3월,0.69
14,진주,3,3월,0.71
14,진주,4,3월,0.74
14,진주,5,3월,0.75
14,진주,6,3월,0.73
14,진주,7,3월,0.72
14,진주,8,3월,0.68
14,진주,9,3월,0.59
14,진주,10,3월,0.49
14,진주,11,3월,0.41
14,진주,12,3월,0.37
14,진주,13,3월,0.33
14,진주,14,3월,0.31
14,진주,15,3월,0.31
14,진주,16,3월,0.32
14,진주,17,3월,0.35
14,진주,18,3월,0.39
14,진주,19,3월,0.44
14,진주,20,3월,0.49
14,진주,21,3월,0.52
14,진주,22,3월,0.55
14,진주,23,3월,0.6
14,진주,24,3월,0.64
14,진주,1,4월,0.74
14,진주,2,4월,0.76
14,진주,3,4월,0.78
14,진주,4,4월,0.8
14,진주,5,4월,0.82
14,진주,6,4월,0.84
14,진주,7,4월,0.8
14,진주,8,4월,0.7
14,진주,9,4월,0.62
14,진주,10,4월,0.54
14,진주,11,4월,0.48
14,진주,12,4월,0.44
14,진주,13,4월,0.42
14,진주,14,4월,0.41
14,진주,15,4월,0.4
14,진주,16,4월,0.42
14,진주,17,4월,0.44
14,진주,18,4월,0.48
14,진주,19,4월,0.53
14,진주,20,4월,0.58
14,진주,21,4월,0.62
14,진주,22,4월,0.67
14,진주,23,4월,0.71
14,진주,24,4월,0.72
14,진주,1,5월,0.84
14,진주,2,5월,0.86
14,진주,3,5월,0.87
14,진주,4,5월,0.87
14,진주,5,5월,0.88
14,진주,6,5월,0.88
14,진주,7,5월,0.83
14,진주,8,5월,0.75
14,진주,9,5월,0.65
14,진주,10,5월,0.55
14,진주,11,5월,0.5
14,진주,12,5월,0.46
14,진주,13,5월,0.43
14,진주,14,5월,0.42
14,진주,15,5월,0.42
14,진주,16,5월,0.44
14,진주,17,5월,0.47
14,진주,18,5월,0.51
14,진주,19,5월,0.55
14,진주,20,5월,0.6
14,진주,21,5월,0.67
14,진주,22,5월,0.72
14,진주,23,5월,0.75
14,진주,24,5월,0.8
14,진주,1,6월,0.87
14,진주,2,6월,0.88
14,진주,3,6월,0.89
14,진주,4,6월,0.89
14,진주,5,6월,0.9
14,진주,6,6월,0.89
14,진주,7,6월,0.87
14,진주,8,6월,0.81
14,진주,9,6월,0.74
14,진주,10,6월,0.67
14,진주,11,6월,0.61
14,진주,12,6월,0.59
14,진주,13,6월,0.55
14,진주,14,6월,0.54
14,진주,15,6월,0.53
14,진주,16,6월,0.56
14,진주,17,6월,0.59
14,진주,18,6월,0.62
14,진주,19,6월,0.67
14,진주,20,6월,0.73
14,진주,21,6월,0.78
14,진주,22,6월,0.81
14,진주,23,6월,0.84
14,진주,24,6월,0.86
14,진주,1,7월,0.9
14,진주,2,7월,0.91
14,진주,3,7월,0.92
14,진주,4,7월,0.93
14,진주,5,7월,0.93
14,진주,6,7월,0.93
14,진주,7,7월,0.91
14,진주,8,7월,0.85
14,진주,9,7월,0.82
14,진주,10,7월,0.77
14,진주,11,7월,0.73
14,진주,12,7월,0.7
14,진주,13,7월,0.68
14,진주,14,7월,0.68
14,진주,15,7월,0.67
14,진주,16,7월,0.69
14,진주,17,7월,0.71
14,진주,18,7월,0.75
14,진주,19,7월,0.78
14,진주,20,7월,0.82
14,진주,21,7월,0.85
14,진주,22,7월,0.86
14,진주,23,7월,0.87
14,진주,24,7월,0.89
14,진주,1,8월,0.89
14,진주,2,8월,0.9
14,진주,3,8월,0.9
14,진주,4,8월,0.9
14,진주,5,8월,0.9
14,진주,6,8월,0.9
14,진주,7,8월,0.89
14,진주,8,8월,0.86
14,진주,9,8월,0.81
14,진주,10,8월,0.77
14,진주,11,8월,0.73
14,진주,12,8월,0.71
14,진주,13,8월,0.69
14,진주,14,8월,0.69
14,진주,15,8월,0.68
14,진주,16,8월,0.68
14,진주,17,8월,0.69
14,진주,18,8월,0.72
14,진주,19,8월,0.76
14,진주,20,8월,0.8
14,진주,21,8월,0.84
14,진주,22,8월,0.85
14,진주,23,8월,0.87
14,진주,24,8월,0.88
14,진주,1,9월,0.88
14,진주,2,9월,0.9
14,진주,3,9월,0.9
14,진주,4,9월,0.9
14,진주,5,9월,0.9
14,진주,6,9월,0.91
14,진주,7,9월,0.9
14,진주,8,9월,0.83
14,진주,9,9월,0.76
14,진주,10,9월,0.69
14,진주,11,9월,0.65
14,진주,12,9월,0.6
14,진주,13,9월,0.57
14,진주,14,9월,0.56
14,진주,15,9월,0.54
14,진주,16,9월,0.56
14,진주,17,9월,0.6
14,진주,18,9월,0.65
14,진주,19,9월,0.73
14,진주,20,9월,0.78
14,진주,21,9월,0.82
14,진주,22,9월,0.85
14,진주,23,9월,0.86
14,진주,24,9월,0.88
14,진주,1,10월,0.84
14,진주,2,10월,0.85
14,진주,3,10월,0.86
14,진주,4,10월,0.86
14,진주,5,10월,0.87
14,진주,6,10월,0.87
14,진주,7,10월,0.87
14,진주,8,10월,0.82
14,진주,9,10월,0.71
14,진주,10,10월,0.62
14,진주,11,10월,0.56
14,진주,12,10월,0.51
14,진주,13,10월,0.47
14,진주,14,10월,0.44
14,진주,15,10월,0.44
14,진주,16,10월,0.46
14,진주,17,10월,0.52
14,진주,18,10월,0.61
14,진주,19,10월,0.69
14,진주,20,10월,0.74
14,진주,21,10월,0.79
14,진주,22,10월,0.82
14,진주,23,10월,0.82
14,진주,24,10월,0.83
14,진주,1,11월,0.82
14,진주,2,11월,0.82
14,진주,3,11월,0.83
14,진주,4,11월,0.83
14,진주,5,11월,0.83
14,진주,6,11월,0.83
14,진주,7,11월,0.85
14,진주,8,11월,0.83
14,진주,9,11월,0.75
14,진주,10,11월,0.65
14,진주,11,11월,0.57
14,진주,12,11월,0.49
14,진주,13,11월,0.45
14,진주,14,11월,0.43
14,진주,15,11월,0.42
14,진주,16,11월,0.45
14,진주,17,11월,0.49
14,진주,18,11월,0.55
14,진주,19,11월,0.63
14,진주,20,11월,0.69
14,진주,21,11월,0.74
14,진주,22,11월,0.76
14,진주,23,11월,0.78
14,진주,24,11월,0.8
14,진주,1,12월,0.73
14,진주,2,12월,0.75
14,진주,3,12월,0.76
14,진주,4,12월,0.77
14,진주,5,12월,0.79
14,진주,6,12월,0.79
14,진주,7,12월,0.79
14,진주,8,12월,0.79
14,진주,9,12월,0.71
14,진주,10,12월,0.57
14,진주,11,12월,0.48
14,진주,12,12월,0.42
14,진주,13,12월,0.37
14,진주,14,12월,0.35
14,진주,15,12월,0.34
14,진주,16,12월,0.36
14,진주,17,12월,0.41
14,진주,18,12월,0.48
14,진주,19,12월,0.54
14,진주,20,12월,0.58
14,진주,21,12월,0.63
14,진주,22,12월,0.65
14,진주,23,12월,0.68
14,진주,24,12월,0.72
15,포항,1,1월,0.51
15,포항,2,1월,0.51
15,포항,3,1월,0.52
15,포항,4,1월,0.53
15,포항,5,1월,0.53
15,포항,6,1월,0.53
15,포항,7,1월,0.53
15,포항,8,1월,0.53
15,포항,9,1월,0.5
15,포항,10,1월,0.47
15,포항,11,1월,0.42
15,포항,12,1월,0.4
15,포항,13,1월,0.38
15,포항,14,1월,0.36
15,포항,15,1월,0.36
15,포항,16,1월,0.36
15,포항,17,1월,0.39
15,포항,18,1월,0.42
15,포항,19,1월,0.44
15,포항,20,1월,0.45
15,포항,21,1월,0.47
15,포항,22,1월,0.49
15,포항,23,1월,0.5
15,포항,24,1월,0.51
15,포항,1,2월,0.65
15,포항,2,2월,0.65
15,포항,3,2월,0.66
15,포항,4,2월,0.68
15,포항,5,2월,0.69
15,포항,6,2월,0.7
15,포항,7,2월,0.7
15,포항,8,2월,0.69
15,포항,9,2월,0.64
15,포항,10,2월,0.6
15,포항,11,2월,0.56
15,포항,12,2월,0.53
15,포항,13,2월,0.52
15,포항,14,2월,0.51
15,포항,15,2월,0.51
15,포항,16,2월,0.51
15,포항,17,2월,0.54
15,포항,18,2월,0.57
15,포항,19,2월,0.59
15,포항,20,2월,0.61
15,포항,21,2월,0.63
15,포항,22,2월,0.63
15,포항,23,2월,0.64
15,포항,24,2월,0.64
15,포항,1,3월,0.63
15,포항,2,3월,0.63
15,포항,3,3월,0.64
15,포항,4,3월,0.65
15,포항,5,3월,0.66
15,포항,6,3월,0.65
15,포항,7,3월,0.66
15,포항,8,3월,0.64
15,포항,9,3월,0.6
15,포항,10,3월,0.55
15,포항,11,3월,0.52
15,포항,12,3월,0.51
15,포항,13,3월,0.51
15,포항,14,3월,0.5
15,포항,15,3월,0.5
15,포항,16,3월,0.5
15,포항,17,3월,0.51
15,포항,18,3월,0.54
15,포항,19,3월,0.57
15,포항,20,3월,0.59
15,포항,21,3월,0.61
15,포항,22,3월,0.62
15,포항,23,3월,0.62
15,포항,24,3월,0.62
15,포항,1,4월,0.62
15,포항,2,4월,0.62
15,포항,3,4월,0.62
15,포항,4,4월,0.63
15,포항,5,4월,0.63
15,포항,6,4월,0.63
15,포항,7,4월,0.63
15,포항,8,4월,0.61
15,포항,9,4월,0.56
15,포항,10,4월,0.51
15,포항,11,4월,0.48
15,포항,12,4월,0.46
15,포항,13,4월,0.45
15,포항,14,4월,0.45
15,포항,15,4월,0.45
15,포항,16,4월,0.47
15,포항,17,4월,0.49
15,포항,18,4월,0.52
15,포항,19,4월,0.55
15,포항,20,4월,0.58
15,포항,21,4월,0.57
15,포항,22,4월,0.57
15,포항,23,4월,0.58
15,포항,24,4월,0.6
15,포항,1,5월,0.7
15,포항,2,5월,0.7
15,포항,3,5월,0.71
15,포항,4,5월,0.7
15,포항,5,5월,0.71
15,포항,6,5월,0.72
15,포항,7,5월,0.7
15,포항,8,5월,0.65
15,포항,9,5월,0.62
15,포항,10,5월,0.59
15,포항,11,5월,0.56
15,포항,12,5월,0.55
15,포항,13,5월,0.51
15,포항,14,5월,0.5
15,포항,15,5월,0.52
15,포항,16,5월,0.54
15,포항,17,5월,0.56
15,포항,18,5월,0.58
15,포항,19,5월,0.62
15,포항,20,5월,0.67
15,포항,21,5월,0.69
15,포항,22,5월,0.7
15,포항,23,5월,0.69
15,포항,24,5월,0.69
15,포항,1,6월,0.84
15,포항,2,6월,0.84
15,포항,3,6월,0.85
15,포항,4,6월,0.85
15,포항,5,6월,0.85
15,포항,6,6월,0.85
15,포항,7,6월,0.82
15,포항,8,6월,0.78
15,포항,9,6월,0.76
15,포항,10,6월,0.74
15,포항,11,6월,0.71
15,포항,12,6월,0.7
15,포항,13,6월,0.7
15,포항,14,6월,0.7
15,포항,15,6월,0.7
15,포항,16,6월,0.7
15,포항,17,6월,0.71
15,포항,18,6월,0.73
15,포항,19,6월,0.76
15,포항,20,6월,0.78
15,포항,21,6월,0.8
15,포항,22,6월,0.81
15,포항,23,6월,0.82
15,포항,24,6월,0.83
15,포항,1,7월,0.85
15,포항,2,7월,0.85
15,포항,3,7월,0.86
15,포항,4,7월,0.87
15,포항,5,7월,0.87
15,포항,6,7월,0.87
15,포항,7,7월,0.84
15,포항,8,7월,0.8
15,포항,9,7월,0.77
15,포항,10,7월,0.74
15,포항,11,7월,0.72
15,포항,12,7월,0.72
15,포항,13,7월,0.71
15,포항,14,7월,0.69
15,포항,15,7월,0.7
15,포항,16,7월,0.7
15,포항,17,7월,0.72
15,포항,18,7월,0.76
15,포항,19,7월,0.79
15,포항,20,7월,0.82
15,포항,21,7월,0.83
15,포항,22,7월,0.83
15,포항,23,7월,0.84
15,포항,24,7월,0.84
15,포항,1,8월,0.84
15,포항,2,8월,0.85
15,포항,3,8월,0.85
15,포항,4,8월,0.86
15,포항,5,8월,0.86
15,포항,6,8월,0.87
15,포항,7,8월,0.86
15,포항,8,8월,0.81
15,포항,9,8월,0.76
15,포항,10,8월,0.73
15,포항,11,8월,0.7
15,포항,12,8월,0.67
15,포항,13,8월,0.67
15,포항,14,8월,0.66
15,포항,15,8월,0.66
15,포항,16,8월,0.69
15,포항,17,8월,0.71
15,포항,18,8월,0.74
15,포항,19,8월,0.78
15,포항,20,8월,0.8
15,포항,21,8월,0.81
15,포항,22,8월,0.82
15,포항,23,8월,0.84
15,포항,24,8월,0.84
15,포항,1,9월,0.81
15,포항,2,9월,0.82
15,포항,3,9월,0.83
15,포항,4,9월,0.83
15,포항,5,9월,0.84
15,포항,6,9월,0.84
15,포항,7,9월,0.83
15,포항,8,9월,0.78
15,포항,9,9월,0.74
15,포항,10,9월,0.72
15,포항,11,9월,0.7
15,포항,12,9월,0.69
15,포항,13,9월,0.68
15,포항,14,9월,0.67
15,포항,15,9월,0.67
15,포항,16,9월,0.68
15,포항,17,9월,0.69
15,포항,18,9월,0.71
15,포항,19,9월,0.72
15,포항,20,9월,0.74
15,포항,21,9월,0.76
15,포항,22,9월,0.76
15,포항,23,9월,0.78
15,포항,24,9월,0.8
15,포항,1,10월,0.73
15,포항,2,10월,0.73
15,포항,3,10월,0.73
15,포항,4,10월,0.73
15,포항,5,10월,0.74
15,포항,6,10월,0.74
15,포항,7,10월,0.74
15,포항,8,10월,0.69
15,포항,9,10월,0.65
15,포항,10,10월,0.6
15,포항,11,10월,0.55
15,포항,12,10월,0.52
15,포항,13,10월,0.51
15,포항,14,10월,0.51
15,포항,15,10월,0.52
15,포항,16,10월,0.54
15,포항,17,10월,0.57
15,포항,18,10월,0.61
15,포항,19,10월,0.64
15,포항,20,10월,0.66
15,포항,21,10월,0.67
15,포항,22,10월,0.69
15,포항,23,10월,0.7
15,포항,24,10월,0.72
15,포항,1,11월,0.67
15,포항,2,11월,0.67
15,포항,3,11월,0.69
15,포항,4,11월,0.69
15,포항,5,11월,0.7
15,포항,6,11월,0.69
15,포항,7,11월,0.69
15,포항,8,11월,0.68
15,포항,9,11월,0.63
15,포항,10,11월,0.58
15,포항,11,11월,0.55
15,포항,12,11월,0.52
15,포항,13,11월,0.51
15,포항,14,11월,0.5
15,포항,15,11월,0.51
15,포항,16,11월,0.54
15,포항,17,11월,0.56
15,포항,18,11월,0.58
15,포항,19,11월,0.61
15,포항,20,11월,0.63
15,포항,21,11월,0.64
15,포항,22,11월,0.65
15,포항,23,11월,0.66
15,포항,24,11월,0.66
15,포항,1,12월,0.59
15,포항,2,12월,0.6
15,포항,3,12월,0.6
15,포항,4,12월,0.6
15,포항,5,12월,0.61
15,포항,6,12월,0.61
15,포항,7,12월,0.61
15,포항,8,12월,0.6
15,포항,9,12월,0.55
15,포항,10,12월,0.49
15,포항,11,12월,0.45
15,포항,12,12월,0.43
15,포항,13,12월,0.41
15,포항,14,12월,0.4
15,포항,15,12월,0.41
15,포항,16,12월,0.42
15,포항,17,12월,0.46
15,포항,18,12월,0.49
15,포항,19,12월,0.51
15,포항,20,12월,0.52
15,포항,21,12월,0.53
15,포항,22,12월,0.55
15,포항,23,12월,0.56
15,포항,24,12월,0.58
16,제주,1,1월,0.62
16,제주,2,1월,0.61
16,제주,3,1월,0.61
16,제주,4,1월,0.61
16,제주,5,1월,0.61
16,제주,6,1월,0.6
16,제주,7,1월,0.6
16,제주,8,1월,0.61
16,제주,9,1월,0.61
16,제주,10,1월,0.59
16,제주,11,1월,0.57
16,제주,12,1월,0.55
16,제주,13,1월,0.54
16,제주,14,1월,0.55
16,제주,15,1월,0.54
16,제주,16,1월,0.55
16,제주,17,1월,0.55
16,제주,18,1월,0.57
16,제주,19,1월,0.57
16,제주,20,1월,0.58
16,제주,21,1월,0.59
16,제주,22,1월,0.59
16,제주,23,1월,0.6
16,제주,24,1월,0.6
16,제주,1,2월,0.66
16,제주,2,2월,0.65
16,제주,3,2월,0.65
16,제주,4,2월,0.65
16,제주,5,2월,0.66
16,제주,6,2월,0.66
16,제주,7,2월,0.66
16,제주,8,2월,0.66
16,제주,9,2월,0.64
16,제주,10,2월,0.6
16,제주,11,2월,0.58
16,제주,12,2월,0.56
16,제주,13,2월,0.56
16,제주,14,2월,0.57
16,제주,15,2월,0.56
16,제주,16,2월,0.56
16,제주,17,2월,0.58
16,제주,18,2월,0.61
16,제주,19,2월,0.63
16,제주,20,2월,0.62
16,제주,21,2월,0.63
16,제주,22,2월,0.65
16,제주,23,2월,0.65
16,제주,24,2월,0.65
16,제주,1,3월,0.59
16,제주,2,3월,0.59
16,제주,3,3월,0.58
16,제주,4,3월,0.59
16,제주,5,3월,0.59
16,제주,6,3월,0.6
16,제주,7,3월,0.6
16,제주,8,3월,0.57
16,제주,9,3월,0.53
16,제주,10,3월,0.5
16,제주,11,3월,0.48
16,제주,12,3월,0.47
16,제주,13,3월,0.47
16,제주,14,3월,0.47
16,제주,15,3월,0.48
16,제주,16,3월,0.49
16,제주,17,3월,0.51
16,제주,18,3월,0.53
16,제주,19,3월,0.55
16,제주,20,3월,0.57
16,제주,21,3월,0.57
16,제주,22,3월,0.57
16,제주,23,3월,0.58
16,제주,24,3월,0.59
16,제주,1,4월,0.65
16,제주,2,4월,0.65
16,제주,3,4월,0.66
16,제주,4,4월,0.66
16,제주,5,4월,0.66
16,제주,6,4월,0.66
16,제주,7,4월,0.65
16,제주,8,4월,0.61
16,제주,9,4월,0.59
16,제주,10,4월,0.57
16,제주,11,4월,0.55
16,제주,12,4월,0.53
16,제주,13,4월,0.54
16,제주,14,4월,0.55
16,제주,15,4월,0.54
16,제주,16,4월,0.55
16,제주,17,4월,0.58
16,제주,18,4월,0.6
16,제주,19,4월,0.64
16,제주,20,4월,0.66
16,제주,21,4월,0.66
16,제주,22,4월,0.65
16,제주,23,4월,0.65
16,제주,24,4월,0.65
16,제주,1,5월,0.72
16,제주,2,5월,0.69
16,제주,3,5월,0.7
16,제주,4,5월,0.7
16,제주,5,5월,0.71
16,제주,6,5월,0.71
16,제주,7,5월,0.7
16,제주,8,5월,0.68
16,제주,9,5월,0.66
16,제주,10,5월,0.64
16,제주,11,5월,0.62
16,제주,12,5월,0.59
16,제주,13,5월,0.58
16,제주,14,5월,0.59
16,제주,15,5월,0.58
16,제주,16,5월,0.58
16,제주,17,5월,0.58
16,제주,18,5월,0.63
16,제주,19,5월,0.68
16,제주,20,5월,0.71
16,제주,21,5월,0.71
16,제주,22,5월,0.72
16,제주,23,5월,0.7
16,제주,24,5월,0.7
16,제주,1,6월,0.81
16,제주,2,6월,0.81
16,제주,3,6월,0.83
16,제주,4,6월,0.82
16,제주,5,6월,0.82
16,제주,6,6월,0.83
16,제주,7,6월,0.82
16,제주,8,6월,0.79
16,제주,9,6월,0.78
16,제주,10,6월,0.77
16,제주,11,6월,0.75
16,제주,12,6월,0.75
16,제주,13,6월,0.73
16,제주,14,6월,0.74
16,제주,15,6월,0.73
16,제주,16,6월,0.74
16,제주,17,6월,0.76
16,제주,18,6월,0.77
16,제주,19,6월,0.8
16,제주,20,6월,0.82
16,제주,21,6월,0.81
16,제주,22,6월,0.83
16,제주,23,6월,0.82
16,제주,24,6월,0.81
16,제주,1,7월,0.79
16,제주,2,7월,0.79
16,제주,3,7월,0.79
16,제주,4,7월,0.8
16,제주,5,7월,0.8
16,제주,6,7월,0.79
16,제주,7,7월,0.77
16,제주,8,7월,0.74
16,제주,9,7월,0.71
16,제주,10,7월,0.69
16,제주,11,7월,0.68
16,제주,12,7월,0.66
16,제주,13,7월,0.68
16,제주,14,7월,0.67
16,제주,15,7월,0.67
16,제주,16,7월,0.67
16,제주,17,7월,0.68
16,제주,18,7월,0.7
16,제주,19,7월,0.73
16,제주,20,7월,0.76
16,제주,21,7월,0.77
16,제주,22,7월,0.78
16,제주,23,7월,0.79
16,제주,24,7월,0.79
16,제주,1,8월,0.72
16,제주,2,8월,0.72
16,제주,3,8월,0.74
16,제주,4,8월,0.73
16,제주,5,8월,0.74
16,제주,6,8월,0.74
16,제주,7,8월,0.73
16,제주,8,8월,0.7
16,제주,9,8월,0.67
16,제주,10,8월,0.65
16,제주,11,8월,0.65
16,제주,12,8월,0.65
16,제주,13,8월,0.62
16,제주,14,8월,0.61
16,제주,15,8월,0.61
16,제주,16,8월,0.62
16,제주,17,8월,0.63
16,제주,18,8월,0.65
16,제주,19,8월,0.69
16,제주,20,8월,0.71
16,제주,21,8월,0.71
16,제주,22,8월,0.72
16,제주,23,8월,0.72
16,제주,24,8월,0.72
16,제주,1,9월,0.75
16,제주,2,9월,0.75
16,제주,3,9월,0.76
16,제주,4,9월,0.75
16,제주,5,9월,0.75
16,제주,6,9월,0.76
16,제주,7,9월,0.77
16,제주,8,9월,0.75
16,제주,9,9월,0.73
16,제주,10,9월,0.7
16,제주,11,9월,0.68
16,제주,12,9월,0.66
16,제주,13,9월,0.63
16,제주,14,9월,0.63
16,제주,15,9월,0.62
16,제주,16,9월,0.63
16,제주,17,9월,0.65
16,제주,18,9월,0.67
16,제주,19,9월,0.71
16,제주,20,9월,0.72
16,제주,21,9월,0.71
16,제주,22,9월,0.71
16,제주,23,9월,0.73
16,제주,24,9월,0.74
16,제주,1,10월,0.64
16,제주,2,10월,0.65
16,제주,3,10월,0.65
16,제주,4,10월,0.66
16,제주,5,10월,0.66
16,제주,6,10월,0.67
16,제주,7,10월,0.67
16,제주,8,10월,0.65
16,제주,9,10월,0.6
16,제주,10,10월,0.58
16,제주,11,10월,0.56
16,제주,12,10월,0.55
16,제주,13,10월,0.53
16,제주,14,10월,0.52
16,제주,15,10월,0.53
16,제주,16,10월,0.54
16,제주,17,10월,0.55
16,제주,18,10월,0.58
16,제주,19,10월,0.61
16,제주,20,10월,0.61
16,제주,21,10월,0.61
16,제주,22,10월,0.62
16,제주,23,10월,0.63
16,제주,24,10월,0.64
16,제주,1,11월,0.63
16,제주,2,11월,0.63
16,제주,3,11월,0.64
16,제주,4,11월,0.63
16,제주,5,11월,0.62
16,제주,6,11월,0.63
16,제주,7,11월,0.62
16,제주,8,11월,0.63
16,제주,9,11월,0.59
16,제주,10,11월,0.57
16,제주,11,11월,0.56
16,제주,12,11월,0.56
16,제주,13,11월,0.54
16,제주,14,11월,0.53
16,제주,15,11월,0.53
16,제주,16,11월,0.52
16,제주,17,11월,0.56
16,제주,18,11월,0.56
16,제주,19,11월,0.59
16,제주,20,11월,0.6
16,제주,21,11월,0.59
16,제주,22,11월,0.6
16,제주,23,11월,0.6
16,제주,24,11월,0.62
16,제주,1,12월,0.62
16,제주,2,12월,0.62
16,제주,3,12월,0.63
16,제주,4,12월,0.64
16,제주,5,12월,0.63
16,제주,6,12월,0.65
16,제주,7,12월,0.64
16,제주,8,12월,0.64
16,제주,9,12월,0.61
16,제주,10,12월,0.6
16,제주,11,12월,0.58
16,제주,12,12월,0.58
16,제주,13,12월,0.6
16,제주,14,12월,0.59
16,제주,15,12월,0.59
16,제주,16,12월,0.59
16,제주,17,12월,0.6
16,제주,18,12월,0.61
16,제주,19,12월,0.6
16,제주,20,12월,0.62
16,제주,21,12월,0.61
16,제주,22,12월,0.62
16,제주,23,12월,0.63
16,제주,24,12월,0.62
17,안동,1,1월,0.63
17,안동,2,1월,0.65
17,안동,3,1월,0.68
17,안동,4,1월,0.7
17,안동,5,1월,0.69
17,안동,6,1월,0.72
17,안동,7,1월,0.73
17,안동,8,1월,0.73
17,안동,9,1월,0.69
17,안동,10,1월,0.61
17,안동,11,1월,0.52
17,안동,12,1월,0.45
17,안동,13,1월,0.39
17,안동,14,1월,0.37
17,안동,15,1월,0.35
17,안동,16,1월,0.36
17,안동,17,1월,0.39
17,안동,18,1월,0.43
17,안동,19,1월,0.48
17,안동,20,1월,0.51
17,안동,21,1월,0.54
17,안동,22,1월,0.56
17,안동,23,1월,0.59
17,안동,24,1월,0.61
17,안동,1,2월,0.62
17,안동,2,2월,0.63
17,안동,3,2월,0.65
17,안동,4,2월,0.67
17,안동,5,2월,0.68
17,안동,6,2월,0.68
17,안동,7,2월,0.7
17,안동,8,2월,0.69
17,안동,9,2월,0.63
17,안동,10,2월,0.56
17,안동,11,2월,0.5
17,안동,12,2월,0.45
17,안동,13,2월,0.4
17,안동,14,2월,0.38
17,안동,15,2월,0.36
17,안동,16,2월,0.36
17,안동,17,2월,0.37
17,안동,18,2월,0.4
17,안동,19,2월,0.43
17,안동,20,2월,0.47
17,안동,21,2월,0.5
17,안동,22,2월,0.53
17,안동,23,2월,0.56
17,안동,24,2월,0.59
17,안동,1,3월,0.65
17,안동,2,3월,0.67
17,안동,3,3월,0.7
17,안동,4,3월,0.72
17,안동,5,3월,0.74
17,안동,6,3월,0.76
17,안동,7,3월,0.77
17,안동,8,3월,0.73
17,안동,9,3월,0.66
17,안동,10,3월,0.6
17,안동,11,3월,0.53
17,안동,12,3월,0.49
17,안동,13,3월,0.45
17,안동,14,3월,0.41
17,안동,15,3월,0.4
17,안동,16,3월,0.4
17,안동,17,3월,0.43
17,안동,18,3월,0.45
17,안동,19,3월,0.49
17,안동,20,3월,0.52
17,안동,21,3월,0.55
17,안동,22,3월,0.58
17,안동,23,3월,0.61
17,안동,24,3월,0.64
17,안동,1,4월,0.65
17,안동,2,4월,0.67
17,안동,3,4월,0.69
17,안동,4,4월,0.74
17,안동,5,4월,0.76
17,안동,6,4월,0.78
17,안동,7,4월,0.77
17,안동,8,4월,0.72
17,안동,9,4월,0.63
17,안동,10,4월,0.56
17,안동,11,4월,0.49
17,안동,12,4월,0.44
17,안동,13,4월,0.42
17,안동,14,4월,0.41
17,안동,15,4월,0.39
17,안동,16,4월,0.38
17,안동,17,4월,0.38
17,안동,18,4월,0.4
17,안동,19,4월,0.44
17,안동,20,4월,0.49
17,안동,21,4월,0.52
17,안동,22,4월,0.55
17,안동,23,4월,0.58
17,안동,24,4월,0.62
17,안동,1,5월,0.7
17,안동,2,5월,0.73
17,안동,3,5월,0.77
17,안동,4,5월,0.8
17,안동,5,5월,0.81
17,안동,6,5월,0.83
17,안동,7,5월,0.8
17,안동,8,5월,0.73
17,안동,9,5월,0.64
17,안동,10,5월,0.56
17,안동,11,5월,0.49
17,안동,12,5월,0.43
17,안동,13,5월,0.4
17,안동,14,5월,0.38
17,안동,15,5월,0.36
17,안동,16,5월,0.36
17,안동,17,5월,0.38
17,안동,18,5월,0.4
17,안동,19,5월,0.43
17,안동,20,5월,0.48
17,안동,21,5월,0.54
17,안동,22,5월,0.58
17,안동,23,5월,0.64
17,안동,24,5월,0.67
17,안동,1,6월,0.78
17,안동,2,6월,0.81
17,안동,3,6월,0.83
17,안동,4,6월,0.84
17,안동,5,6월,0.85
17,안동,6,6월,0.86
17,안동,7,6월,0.83
17,안동,8,6월,0.77
17,안동,9,6월,0.7
17,안동,10,6월,0.64
17,안동,11,6월,0.59
17,안동,12,6월,0.56
17,안동,13,6월,0.52
17,안동,14,6월,0.49
17,안동,15,6월,0.49
17,안동,16,6월,0.48
17,안동,17,6월,0.5
17,안동,18,6월,0.54
17,안동,19,6월,0.58
17,안동,20,6월,0.63
17,안동,21,6월,0.67
17,안동,22,6월,0.7
17,안동,23,6월,0.73
17,안동,24,6월,0.75
17,안동,1,7월,0.86
17,안동,2,7월,0.86
17,안동,3,7월,0.87
17,안동,4,7월,0.88
17,안동,5,7월,0.88
17,안동,6,7월,0.88
17,안동,7,7월,0.87
17,안동,8,7월,0.84
17,안동,9,7월,0.8
17,안동,10,7월,0.76
17,안동,11,7월,0.72
17,안동,12,7월,0.69
17,안동,13,7월,0.68
17,안동,14,7월,0.66
17,안동,15,7월,0.66
17,안동,16,7월,0.67
17,안동,17,7월,0.7
17,안동,18,7월,0.72
17,안동,19,7월,0.74
17,안동,20,7월,0.78
17,안동,21,7월,0.8
17,안동,22,7월,0.82
17,안동,23,7월,0.84
17,안동,24,7월,0.84
17,안동,1,8월,0.89
17,안동,2,8월,0.89
17,안동,3,8월,0.9
17,안동,4,8월,0.92
17,안동,5,8월,0.92
17,안동,6,8월,0.92
17,안동,7,8월,0.91
17,안동,8,8월,0.87
17,안동,9,8월,0.83
17,안동,10,8월,0.77
17,안동,11,8월,0.73
17,안동,12,8월,0.7
17,안동,13,8월,0.67
17,안동,14,8월,0.65
17,안동,15,8월,0.64
17,안동,16,8월,0.65
17,안동,17,8월,0.67
17,안동,18,8월,0.71
17,안동,19,8월,0.75
17,안동,20,8월,0.79
17,안동,21,8월,0.81
17,안동,22,8월,0.83
17,안동,23,8월,0.85
17,안동,24,8월,0.87
17,안동,1,9월,0.89
17,안동,2,9월,0.9
17,안동,3,9월,0.9
17,안동,4,9월,0.91
17,안동,5,9월,0.92
17,안동,6,9월,0.92
17,안동,7,9월,0.92
17,안동,8,9월,0.9
17,안동,9,9월,0.86
17,안동,10,9월,0.79
17,안동,11,9월,0.71
17,안동,12,9월,0.66
17,안동,13,9월,0.62
17,안동,14,9월,0.58
17,안동,15,9월,0.58
17,안동,16,9월,0.58
17,안동,17,9월,0.62
17,안동,18,9월,0.68
17,안동,19,9월,0.73
17,안동,20,9월,0.78
17,안동,21,9월,0.8
17,안동,22,9월,0.84
17,안동,23,9월,0.86
17,안동,24,9월,0.87
17,안동,1,10월,0.83
17,안동,2,10월,0.85
17,안동,3,10월,0.87
17,안동,4,10월,0.89
17,안동,5,10월,0.89
17,안동,6,10월,0.91
17,안동,7,10월,0.92
17,안동,8,10월,0.89
17,안동,9,10월,0.84
17,안동,10,10월,0.74
17,안동,11,10월,0.63
17,안동,12,10월,0.54
17,안동,13,10월,0.49
17,안동,14,10월,0.46
17,안동,15,10월,0.44
17,안동,16,10월,0.45
17,안동,17,10월,0.49
17,안동,18,10월,0.57
17,안동,19,10월,0.63
17,안동,20,10월,0.68
17,안동,21,10월,0.73
17,안동,22,10월,0.76
17,안동,23,10월,0.79
17,안동,24,10월,0.82
17,안동,1,11월,0.84
17,안동,2,11월,0.86
17,안동,3,11월,0.87
17,안동,4,11월,0.88
17,안동,5,11월,0.88
17,안동,6,11월,0.88
17,안동,7,11월,0.9
17,안동,8,11월,0.89
17,안동,9,11월,0.82
17,안동,10,11월,0.74
17,안동,11,11월,0.62
17,안동,12,11월,0.55
17,안동,13,11월,0.5
17,안동,14,11월,0.47
17,안동,15,11월,0.44
17,안동,16,11월,0.45
17,안동,17,11월,0.48
17,안동,18,11월,0.56
17,안동,19,11월,0.63
17,안동,20,11월,0.68
17,안동,21,11월,0.71
17,안동,22,11월,0.75
17,안동,23,11월,0.79
17,안동,24,11월,0.81
17,안동,1,12월,0.7
17,안동,2,12월,0.71
17,안동,3,12월,0.72
17,안동,4,12월,0.73
17,안동,5,12월,0.74
17,안동,6,12월,0.74
17,안동,7,12월,0.75
17,안동,8,12월,0.74
17,안동,9,12월,0.7
17,안동,10,12월,0.63
17,안동,11,12월,0.56
17,안동,12,12월,0.52
17,안동,13,12월,0.47
17,안동,14,12월,0.42
17,안동,15,12월,0.41
17,안동,16,12월,0.41
17,안동,17,12월,0.44
17,안동,18,12월,0.49
17,안동,19,12월,0.54
17,안동,20,12월,0.57
17,안동,21,12월,0.59
17,안동,22,12월,0.63
17,안동,23,12월,0.65
17,안동,24,12월,0.68
18,수원,1,1월,0.69
18,수원,2,1월,0.69
18,수원,3,1월,0.69
18,수원,4,1월,0.71
18,수원,5,1월,0.73
18,수원,6,1월,0.73
18,수원,7,1월,0.73
18,수원,8,1월,0.75
18,수원,9,1월,0.69
18,수원,10,1월,0.6
18,수원,11,1월,0.55
18,수원,12,1월,0.51
18,수원,13,1월,0.48
18,수원,14,1월,0.46
18,수원,15,1월,0.47
18,수원,16,1월,0.51
18,수원,17,1월,0.54
18,수원,18,1월,0.58
18,수원,19,1월,0.6
18,수원,20,1월,0.63
18,수원,21,1월,0.65
18,수원,22,1월,0.65
18,수원,23,1월,0.66
18,수원,24,1월,0.68
18,수원,1,2월,0.72
18,수원,2,2월,0.74
18,수원,3,2월,0.74
18,수원,4,2월,0.74
18,수원,5,2월,0.74
18,수원,6,2월,0.74
18,수원,7,2월,0.74
18,수원,8,2월,0.74
18,수원,9,2월,0.66
18,수원,10,2월,0.6
18,수원,11,2월,0.54
18,수원,12,2월,0.49
18,수원,13,2월,0.45
18,수원,14,2월,0.44
18,수원,15,2월,0.43
18,수원,16,2월,0.44
18,수원,17,2월,0.47
18,수원,18,2월,0.5
18,수원,19,2월,0.54
18,수원,20,2월,0.58
18,수원,21,2월,0.61
18,수원,22,2월,0.65
18,수원,23,2월,0.67
18,수원,24,2월,0.71
18,수원,1,3월,0.73
18,수원,2,3월,0.72
18,수원,3,3월,0.74
18,수원,4,3월,0.75
18,수원,5,3월,0.76
18,수원,6,3월,0.78
18,수원,7,3월,0.77
18,수원,8,3월,0.72
18,수원,9,3월,0.65
18,수원,10,3월,0.59
18,수원,11,3월,0.54
18,수원,12,3월,0.5
18,수원,13,3월,0.47
18,수원,14,3월,0.46
18,수원,15,3월,0.47
18,수원,16,3월,0.48
18,수원,17,3월,0.52
18,수원,18,3월,0.53
18,수원,19,3월,0.57
18,수원,20,3월,0.59
18,수원,21,3월,0.62
18,수원,22,3월,0.65
18,수원,23,3월,0.69
18,수원,24,3월,0.72
18,수원,1,4월,0.74
18,수원,2,4월,0.76
18,수원,3,4월,0.78
18,수원,4,4월,0.81
18,수원,5,4월,0.83
18,수원,6,4월,0.84
18,수원,7,4월,0.81
18,수원,8,4월,0.73
18,수원,9,4월,0.64
18,수원,10,4월,0.57
18,수원,11,4월,0.5
18,수원,12,4월,0.45
18,수원,13,4월,0.42
18,수원,14,4월,0.39
18,수원,15,4월,0.39
18,수원,16,4월,0.4
18,수원,17,4월,0.42
18,수원,18,4월,0.46
18,수원,19,4월,0.52
18,수원,20,4월,0.57
18,수원,21,4월,0.61
18,수원,22,4월,0.65
18,수원,23,4월,0.69
18,수원,24,4월,0.72
18,수원,1,5월,0.76
18,수원,2,5월,0.78
18,수원,3,5월,0.82
18,수원,4,5월,0.82
18,수원,5,5월,0.84
18,수원,6,5월,0.83
18,수원,7,5월,0.78
18,수원,8,5월,0.73
18,수원,9,5월,0.66
18,수원,10,5월,0.6
18,수원,11,5월,0.55
18,수원,12,5월,0.52
18,수원,13,5월,0.5
18,수원,14,5월,0.48
18,수원,15,5월,0.49
18,수원,16,5월,0.48
18,수원,17,5월,0.51
18,수원,18,5월,0.53
18,수원,19,5월,0.58
18,수원,20,5월,0.63
18,수원,21,5월,0.67
18,수원,22,5월,0.69
18,수원,23,5월,0.72
18,수원,24,5월,0.74
18,수원,1,6월,0.78
18,수원,2,6월,0.79
18,수원,3,6월,0.81
18,수원,4,6월,0.83
18,수원,5,6월,0.83
18,수원,6,6월,0.83
18,수원,7,6월,0.78
18,수원,8,6월,0.72
18,수원,9,6월,0.68
18,수원,10,6월,0.64
18,수원,11,6월,0.61
18,수원,12,6월,0.58
18,수원,13,6월,0.56
18,수원,14,6월,0.55
18,수원,15,6월,0.56
18,수원,16,6월,0.57
18,수원,17,6월,0.59
18,수원,18,6월,0.61
18,수원,19,6월,0.64
18,수원,20,6월,0.67
18,수원,21,6월,0.69
18,수원,22,6월,0.7
18,수원,23,6월,0.73
18,수원,24,6월,0.76
18,수원,1,7월,0.89
18,수원,2,7월,0.9
18,수원,3,7월,0.91
18,수원,4,7월,0.91
18,수원,5,7월,0.91
18,수원,6,7월,0.91
18,수원,7,7월,0.89
18,수원,8,7월,0.86
18,수원,9,7월,0.82
18,수원,10,7월,0.81
18,수원,11,7월,0.79
18,수원,12,7월,0.77
18,수원,13,7월,0.74
18,수원,14,7월,0.72
18,수원,15,7월,0.71
18,수원,16,7월,0.71
18,수원,17,7월,0.73
18,수원,18,7월,0.74
18,수원,19,7월,0.78
18,수원,20,7월,0.81
18,수원,21,7월,0.83
18,수원,22,7월,0.86
18,수원,23,7월,0.88
18,수원,24,7월,0.88
18,수원,1,8월,0.84
18,수원,2,8월,0.84
18,수원,3,8월,0.84
18,수원,4,8월,0.85
18,수원,5,8월,0.86
18,수원,6,8월,0.86
18,수원,7,8월,0.85
18,수원,8,8월,0.82
18,수원,9,8월,0.78
18,수원,10,8월,0.73
18,수원,11,8월,0.69
18,수원,12,8월,0.65
18,수원,13,8월,0.64
18,수원,14,8월,0.64
18,수원,15,8월,0.64
18,수원,16,8월,0.65
18,수원,17,8월,0.67
18,수원,18,8월,0.7
18,수원,19,8월,0.74
18,수원,20,8월,0.75
18,수원,21,8월,0.79
18,수원,22,8월,0.8
18,수원,23,8월,0.81
18,수원,24,8월,0.83
18,수원,1,9월,0.82
18,수원,2,9월,0.83
18,수원,3,9월,0.84
18,수원,4,9월,0.85
18,수원,5,9월,0.86
18,수원,6,9월,0.86
18,수원,7,9월,0.84
18,수원,8,9월,0.79
18,수원,9,9월,0.75
18,수원,10,9월,0.7
18,수원,11,9월,0.64
18,수원,12,9월,0.6
18,수원,13,9월,0.58
18,수원,14,9월,0.55
18,수원,15,9월,0.54
18,수원,16,9월,0.56
18,수원,17,9월,0.6
18,수원,18,9월,0.63
18,수원,19,9월,0.68
18,수원,20,9월,0.71
18,수원,21,9월,0.74
18,수원,22,9월,0.77
18,수원,23,9월,0.79
18,수원,24,9월,0.8
18,수원,1,10월,0.82
18,수원,2,10월,0.83
18,수원,3,10월,0.83
18,수원,4,10월,0.85
18,수원,5,10월,0.86
18,수원,6,10월,0.86
18,수원,7,10월,0.87
18,수원,8,10월,0.79
18,수원,9,10월,0.71
18,수원,10,10월,0.64
18,수원,11,10월,0.59
18,수원,12,10월,0.56
18,수원,13,10월,0.52
18,수원,14,10월,0.5
18,수원,15,10월,0.49
18,수원,16,10월,0.51
18,수원,17,10월,0.54
18,수원,18,10월,0.62
18,수원,19,10월,0.66
18,수원,20,10월,0.7
18,수원,21,10월,0.74
18,수원,22,10월,0.75
18,수원,23,10월,0.78
18,수원,24,10월,0.79
18,수원,1,11월,0.78
18,수원,2,11월,0.79
18,수원,3,11월,0.79
18,수원,4,11월,0.79
18,수원,5,11월,0.79
18,수원,6,11월,0.8
18,수원,7,11월,0.8
18,수원,8,11월,0.79
18,수원,9,11월,0.71
18,수원,10,11월,0.63
18,수원,11,11월,0.59
18,수원,12,11월,0.54
18,수원,13,11월,0.53
18,수원,14,11월,0.5
18,수원,15,11월,0.49
18,수원,16,11월,0.52
18,수원,17,11월,0.56
18,수원,18,11월,0.62
18,수원,19,11월,0.66
18,수원,20,11월,0.68
18,수원,21,11월,0.71
18,수원,22,11월,0.73
18,수원,23,11월,0.75
18,수원,24,11월,0.75
18,수원,1,12월,0.74
18,수원,2,12월,0.74
18,수원,3,12월,0.75
18,수원,4,12월,0.76
18,수원,5,12월,0.76
18,수원,6,12월,0.78
18,수원,7,12월,0.79
18,수원,8,12월,0.76
18,수원,9,12월,0.71
18,수원,10,12월,0.65
18,수원,11,12월,0.59
18,수원,12,12월,0.55
18,수원,13,12월,0.52
18,수원,14,12월,0.5
18,수원,15,12월,0.49
18,수원,16,12월,0.52
18,수원,17,12월,0.57
18,수원,18,12월,0.61
18,수원,19,12월,0.63
18,수원,20,12월,0.67
18,수원,21,12월,0.69
18,수원,22,12월,0.71
18,수원,23,12월,0.72
18,수원,24,12월,0.75
19,대관,1,1월,0.72
19,대관,2,1월,0.73
19,대관,3,1월,0.73
19,대관,4,1월,0.74
19,대관,5,1월,0.73
19,대관,6,1월,0.74
19,대관,7,1월,0.74
19,대관,8,1월,0.75
19,대관,9,1월,0.72
19,대관,10,1월,0.65
19,대관,11,1월,0.57
19,대관,12,1월,0.51
19,대관,13,1월,0.46
19,대관,14,1월,0.46
19,대관,15,1월,0.46
19,대관,16,1월,0.49
19,대관,17,1월,0.54
19,대관,18,1월,0.58
19,대관,19,1월,0.62
19,대관,20,1월,0.64
19,대관,21,1월,0.65
19,대관,22,1월,0.67
19,대관,23,1월,0.68
19,대관,24,1월,0.7
19,대관,1,2월,0.76
19,대관,2,2월,0.77
19,대관,3,2월,0.78
19,대관,4,2월,0.78
19,대관,5,2월,0.79
19,대관,6,2월,0.79
19,대관,7,2월,0.79
19,대관,8,2월,0.79
19,대관,9,2월,0.76
19,대관,10,2월,0.71
19,대관,11,2월,0.63
19,대관,12,2월,0.58
19,대관,13,2월,0.55
19,대관,14,2월,0.57
19,대관,15,2월,0.57
19,대관,16,2월,0.58
19,대관,17,2월,0.59
19,대관,18,2월,0.62
19,대관,19,2월,0.64
19,대관,20,2월,0.68
19,대관,21,2월,0.7
19,대관,22,2월,0.72
19,대관,23,2월,0.74
19,대관,24,2월,0.76
19,대관,1,3월,0.73
19,대관,2,3월,0.75
19,대관,3,3월,0.77
19,대관,4,3월,0.78
19,대관,5,3월,0.79
19,대관,6,3월,0.79
19,대관,7,3월,0.79
19,대관,8,3월,0.76
19,대관,9,3월,0.71
19,대관,10,3월,0.66
19,대관,11,3월,0.61
19,대관,12,3월,0.58
19,대관,13,3월,0.57
19,대관,14,3월,0.57
19,대관,15,3월,0.59
19,대관,16,3월,0.6
19,대관,17,3월,0.62
19,대관,18,3월,0.64
19,대관,19,3월,0.65
19,대관,20,3월,0.67
19,대관,21,3월,0.7
19,대관,22,3월,0.71
19,대관,23,3월,0.7
19,대관,24,3월,0.71
19,대관,1,4월,0.72
19,대관,2,4월,0.72
19,대관,3,4월,0.74
19,대관,4,4월,0.75
19,대관,5,4월,0.76
19,대관,6,4월,0.77
19,대관,7,4월,0.74
19,대관,8,4월,0.7
19,대관,9,4월,0.62
19,대관,10,4월,0.56
19,대관,11,4월,0.52
19,대관,12,4월,0.5
19,대관,13,4월,0.5
19,대관,14,4월,0.48
19,대관,15,4월,0.46
19,대관,16,4월,0.49
19,대관,17,4월,0.54
19,대관,18,4월,0.54
19,대관,19,4월,0.57
19,대관,20,4월,0.61
19,대관,21,4월,0.65
19,대관,22,4월,0.68
19,대관,23,4월,0.7
19,대관,24,4월,0.72
19,대관,1,5월,0.81
19,대관,2,5월,0.82
19,대관,3,5월,0.83
19,대관,4,5월,0.84
19,대관,5,5월,0.83
19,대관,6,5월,0.84
19,대관,7,5월,0.82
19,대관,8,5월,0.75
19,대관,9,5월,0.65
19,대관,10,5월,0.58
19,대관,11,5월,0.55
19,대관,12,5월,0.51
19,대관,13,5월,0.5
19,대관,14,5월,0.5
19,대관,15,5월,0.49
19,대관,16,5월,0.52
19,대관,17,5월,0.54
19,대관,18,5월,0.56
19,대관,19,5월,0.61
19,대관,20,5월,0.67
19,대관,21,5월,0.72
19,대관,22,5월,0.75
19,대관,23,5월,0.78
19,대관,24,5월,0.79
19,대관,1,6월,0.83
19,대관,2,6월,0.84
19,대관,3,6월,0.84
19,대관,4,6월,0.84
19,대관,5,6월,0.85
19,대관,6,6월,0.85
19,대관,7,6월,0.83
19,대관,8,6월,0.79
19,대관,9,6월,0.72
19,대관,10,6월,0.67
19,대관,11,6월,0.63
19,대관,12,6월,0.62
19,대관,13,6월,0.63
19,대관,14,6월,0.63
19,대관,15,6월,0.63
19,대관,16,6월,0.65
19,대관,17,6월,0.67
19,대관,18,6월,0.69
19,대관,19,6월,0.71
19,대관,20,6월,0.76
19,대관,21,6월,0.79
19,대관,22,6월,0.81
19,대관,23,6월,0.81
19,대관,24,6월,0.81
19,대관,1,7월,0.9
19,대관,2,7월,0.9
19,대관,3,7월,0.9
19,대관,4,7월,0.91
19,대관,5,7월,0.91
19,대관,6,7월,0.91
19,대관,7,7월,0.9
19,대관,8,7월,0.87
19,대관,9,7월,0.81
19,대관,10,7월,0.77
19,대관,11,7월,0.75
19,대관,12,7월,0.72
19,대관,13,7월,0.71
19,대관,14,7월,0.71
19,대관,15,7월,0.71
19,대관,16,7월,0.73
19,대관,17,7월,0.75
19,대관,18,7월,0.76
19,대관,19,7월,0.79
19,대관,20,7월,0.83
19,대관,21,7월,0.86
19,대관,22,7월,0.88
19,대관,23,7월,0.89
19,대관,24,7월,0.9
19,대관,1,8월,0.92
19,대관,2,8월,0.92
19,대관,3,8월,0.92
19,대관,4,8월,0.92
19,대관,5,8월,0.93
19,대관,6,8월,0.93
19,대관,7,8월,0.92
19,대관,8,8월,0.9
19,대관,9,8월,0.84
19,대관,10,8월,0.8
19,대관,11,8월,0.76
19,대관,12,8월,0.76
19,대관,13,8월,0.76
19,대관,14,8월,0.79
19,대관,15,8월,0.78
19,대관,16,8월,0.79
19,대관,17,8월,0.82
19,대관,18,8월,0.84
19,대관,19,8월,0.87
19,대관,20,8월,0.89
19,대관,21,8월,0.9
19,대관,22,8월,0.9
19,대관,23,8월,0.91
19,대관,24,8월,0.91
19,대관,1,9월,0.92
19,대관,2,9월,0.92
19,대관,3,9월,0.92
19,대관,4,9월,0.92
19,대관,5,9월,0.92
19,대관,6,9월,0.92
19,대관,7,9월,0.92
19,대관,8,9월,0.89
19,대관,9,9월,0.84
19,대관,10,9월,0.76
19,대관,11,9월,0.73
19,대관,12,9월,0.72
19,대관,13,9월,0.71
19,대관,14,9월,0.71
19,대관,15,9월,0.71
19,대관,16,9월,0.73
19,대관,17,9월,0.76
19,대관,18,9월,0.81
19,대관,19,9월,0.85
19,대관,20,9월,0.88
19,대관,21,9월,0.91
19,대관,22,9월,0.91
19,대관,23,9월,0.91
19,대관,24,9월,0.91
19,대관,1,10월,0.91
19,대관,2,10월,0.91
19,대관,3,10월,0.91
19,대관,4,10월,0.91
19,대관,5,10월,0.91
19,대관,6,10월,0.91
19,대관,7,10월,0.9
19,대관,8,10월,0.88
19,대관,9,10월,0.82
19,대관,10,10월,0.71
19,대관,11,10월,0.61
19,대관,12,10월,0.58
19,대관,13,10월,0.6
19,대관,14,10월,0.61
19,대관,15,10월,0.61
19,대관,16,10월,0.67
19,대관,17,10월,0.7
19,대관,18,10월,0.77
19,대관,19,10월,0.82
19,대관,20,10월,0.85
19,대관,21,10월,0.88
19,대관,22,10월,0.89
19,대관,23,10월,0.89
19,대관,24,10월,0.9
19,대관,1,11월,0.78
19,대관,2,11월,0.8
19,대관,3,11월,0.82
19,대관,4,11월,0.82
19,대관,5,11월,0.81
19,대관,6,11월,0.8
19,대관,7,11월,0.81
19,대관,8,11월,0.8
19,대관,9,11월,0.76
19,대관,10,11월,0.71
19,대관,11,11월,0.62
19,대관,12,11월,0.57
19,대관,13,11월,0.53
19,대관,14,11월,0.54
19,대관,15,11월,0.56
19,대관,16,11월,0.58
19,대관,17,11월,0.63
19,대관,18,11월,0.67
19,대관,19,11월,0.7
19,대관,20,11월,0.72
19,대관,21,11월,0.73
19,대관,22,11월,0.75
19,대관,23,11월,0.76
19,대관,24,11월,0.77
19,대관,1,12월,0.72
19,대관,2,12월,0.73
19,대관,3,12월,0.74
19,대관,4,12월,0.74
19,대관,5,12월,0.75
19,대관,6,12월,0.77
19,대관,7,12월,0.76
19,대관,8,12월,0.75
19,대관,9,12월,0.72
19,대관,10,12월,0.65
19,대관,11,12월,0.6
19,대관,12,12월,0.56
19,대관,13,12월,0.54
19,대관,14,12월,0.52
19,대관,15,12월,0.53
19,대관,16,12월,0.55
19,대관,17,12월,0.59
19,대관,18,12월,0.61
19,대관,19,12월,0.63
19,대관,20,12월,0.66
19,대관,21,12월,0.68
19,대관,22,12월,0.7
19,대관,23,12월,0.71
19,대관,24,12월,0.72
20,추풍,1,1월,0.66
20,추풍,2,1월,0.68
20,추풍,3,1월,0.7
20,추풍,4,1월,0.71
20,추풍,5,1월,0.72
20,추풍,6,1월,0.72
20,추풍,7,1월,0.72
20,추풍,8,1월,0.72
20,추풍,9,1월,0.68
20,추풍,10,1월,0.63
20,추풍,11,1월,0.57
20,추풍,12,1월,0.52
20,추풍,13,1월,0.47
20,추풍,14,1월,0.46
20,추풍,15,1월,0.46
20,추풍,16,1월,0.47
20,추풍,17,1월,0.49
20,추풍,18,1월,0.53
20,추풍,19,1월,0.55
20,추풍,20,1월,0.58
20,추풍,21,1월,0.6
20,추풍,22,1월,0.63
20,추풍,23,1월,0.64
20,추풍,24,1월,0.66
20,추풍,1,2월,0.63
20,추풍,2,2월,0.63
20,추풍,3,2월,0.66
20,추풍,4,2월,0.68
20,추풍,5,2월,0.68
20,추풍,6,2월,0.68
20,추풍,7,2월,0.69
20,추풍,8,2월,0.69
20,추풍,9,2월,0.65
20,추풍,10,2월,0.6
20,추풍,11,2월,0.56
20,추풍,12,2월,0.5
20,추풍,13,2월,0.46
20,추풍,14,2월,0.43
20,추풍,15,2월,0.42
20,추풍,16,2월,0.42
20,추풍,17,2월,0.44
20,추풍,18,2월,0.46
20,추풍,19,2월,0.49
20,추풍,20,2월,0.51
20,추풍,21,2월,0.55
20,추풍,22,2월,0.58
20,추풍,23,2월,0.61
20,추풍,24,2월,0.62
20,추풍,1,3월,0.57
20,추풍,2,3월,0.58
20,추풍,3,3월,0.6
20,추풍,4,3월,0.63
20,추풍,5,3월,0.65
20,추풍,6,3월,0.66
20,추풍,7,3월,0.68
20,추풍,8,3월,0.65
20,추풍,9,3월,0.57
20,추풍,10,3월,0.49
20,추풍,11,3월,0.43
20,추풍,12,3월,0.38
20,추풍,13,3월,0.36
20,추풍,14,3월,0.34
20,추풍,15,3월,0.33
20,추풍,16,3월,0.32
20,추풍,17,3월,0.32
20,추풍,18,3월,0.34
20,추풍,19,3월,0.38
20,추풍,20,3월,0.43
20,추풍,21,3월,0.46
20,추풍,22,3월,0.49
20,추풍,23,3월,0.51
20,추풍,24,3월,0.55
20,추풍,1,4월,0.62
20,추풍,2,4월,0.66
20,추풍,3,4월,0.7
20,추풍,4,4월,0.72
20,추풍,5,4월,0.74
20,추풍,6,4월,0.75
20,추풍,7,4월,0.75
20,추풍,8,4월,0.7
20,추풍,9,4월,0.59
20,추풍,10,4월,0.53
20,추풍,11,4월,0.48
20,추풍,12,4월,0.42
20,추풍,13,4월,0.39
20,추풍,14,4월,0.38
20,추풍,15,4월,0.36
20,추풍,16,4월,0.35
20,추풍,17,4월,0.35
20,추풍,18,4월,0.38
20,추풍,19,4월,0.41
20,추풍,20,4월,0.45
20,추풍,21,4월,0.49
20,추풍,22,4월,0.52
20,추풍,23,4월,0.56
20,추풍,24,4월,0.58
20,추풍,1,5월,0.72
20,추풍,2,5월,0.76
20,추풍,3,5월,0.77
20,추풍,4,5월,0.79
20,추풍,5,5월,0.82
20,추풍,6,5월,0.82
20,추풍,7,5월,0.78
20,추풍,8,5월,0.71
20,추풍,9,5월,0.63
20,추풍,10,5월,0.56
20,추풍,11,5월,0.48
20,추풍,12,5월,0.43
20,추풍,13,5월,0.39
20,추풍,14,5월,0.37
20,추풍,15,5월,0.36
20,추풍,16,5월,0.37
20,추풍,17,5월,0.39
20,추풍,18,5월,0.41
20,추풍,19,5월,0.46
20,추풍,20,5월,0.53
20,추풍,21,5월,0.58
20,추풍,22,5월,0.63
20,추풍,23,5월,0.66
20,추풍,24,5월,0.69
20,추풍,1,6월,0.82
20,추풍,2,6월,0.83
20,추풍,3,6월,0.86
20,추풍,4,6월,0.87
20,추풍,5,6월,0.87
20,추풍,6,6월,0.87
20,추풍,7,6월,0.84
20,추풍,8,6월,0.79
20,추풍,9,6월,0.74
20,추풍,10,6월,0.7
20,추풍,11,6월,0.66
20,추풍,12,6월,0.63
20,추풍,13,6월,0.6
20,추풍,14,6월,0.59
20,추풍,15,6월,0.57
20,추풍,16,6월,0.56
20,추풍,17,6월,0.58
20,추풍,18,6월,0.6
20,추풍,19,6월,0.65
20,추풍,20,6월,0.7
20,추풍,21,6월,0.74
20,추풍,22,6월,0.76
20,추풍,23,6월,0.78
20,추풍,24,6월,0.8
20,추풍,1,7월,0.9
20,추풍,2,7월,0.9
20,추풍,3,7월,0.91
20,추풍,4,7월,0.91
20,추풍,5,7월,0.92
20,추풍,6,7월,0.92
20,추풍,7,7월,0.9
20,추풍,8,7월,0.87
20,추풍,9,7월,0.83
20,추풍,10,7월,0.8
20,추풍,11,7월,0.77
20,추풍,12,7월,0.75
20,추풍,13,7월,0.72
20,추풍,14,7월,0.72
20,추풍,15,7월,0.72
20,추풍,16,7월,0.72
20,추풍,17,7월,0.74
20,추풍,18,7월,0.76
20,추풍,19,7월,0.79
20,추풍,20,7월,0.83
20,추풍,21,7월,0.85
20,추풍,22,7월,0.86
20,추풍,23,7월,0.88
20,추풍,24,7월,0.89
20,추풍,1,8월,0.84
20,추풍,2,8월,0.85
20,추풍,3,8월,0.85
20,추풍,4,8월,0.86
20,추풍,5,8월,0.86
20,추풍,6,8월,0.86
20,추풍,7,8월,0.85
20,추풍,8,8월,0.82
20,추풍,9,8월,0.77
20,추풍,10,8월,0.73
20,추풍,11,8월,0.69
20,추풍,12,8월,0.66
20,추풍,13,8월,0.65
20,추풍,14,8월,0.64
20,추풍,15,8월,0.64
20,추풍,16,8월,0.65
20,추풍,17,8월,0.67
20,추풍,18,8월,0.71
20,추풍,19,8월,0.75
20,추풍,20,8월,0.78
20,추풍,21,8월,0.8
20,추풍,22,8월,0.82
20,추풍,23,8월,0.83
20,추풍,24,8월,0.84
20,추풍,1,9월,0.87
20,추풍,2,9월,0.88
20,추풍,3,9월,0.88
20,추풍,4,9월,0.89
20,추풍,5,9월,0.9
20,추풍,6,9월,0.9
20,추풍,7,9월,0.9
20,추풍,8,9월,0.86
20,추풍,9,9월,0.79
20,추풍,10,9월,0.73
20,추풍,11,9월,0.68
20,추풍,12,9월,0.65
20,추풍,13,9월,0.62
20,추풍,14,9월,0.61
20,추풍,15,9월,0.59
20,추풍,16,9월,0.59
20,추풍,17,9월,0.62
20,추풍,18,9월,0.69
20,추풍,19,9월,0.77
20,추풍,20,9월,0.81
20,추풍,21,9월,0.84
20,추풍,22,9월,0.85
20,추풍,23,9월,0.86
20,추풍,24,9월,0.86
20,추풍,1,10월,0.84
20,추풍,2,10월,0.86
20,추풍,3,10월,0.87
20,추풍,4,10월,0.88
20,추풍,5,10월,0.89
20,추풍,6,10월,0.89
20,추풍,7,10월,0.89
20,추풍,8,10월,0.88
20,추풍,9,10월,0.8
20,추풍,10,10월,0.67
20,추풍,11,10월,0.61
20,추풍,12,10월,0.54
20,추풍,13,10월,0.51
20,추풍,14,10월,0.49
20,추풍,15,10월,0.49
20,추풍,16,10월,0.5
20,추풍,17,10월,0.56
20,추풍,18,10월,0.66
20,추풍,19,10월,0.72
20,추풍,20,10월,0.76
20,추풍,21,10월,0.79
20,추풍,22,10월,0.8
20,추풍,23,10월,0.8
20,추풍,24,10월,0.82
20,추풍,1,11월,0.78
20,추풍,2,11월,0.77
20,추풍,3,11월,0.78
20,추풍,4,11월,0.79
20,추풍,5,11월,0.8
20,추풍,6,11월,0.82
20,추풍,7,11월,0.83
20,추풍,8,11월,0.81
20,추풍,9,11월,0.75
20,추풍,10,11월,0.67
20,추풍,11,11월,0.6
20,추풍,12,11월,0.55
20,추풍,13,11월,0.52
20,추풍,14,11월,0.5
20,추풍,15,11월,0.5
20,추풍,16,11월,0.5
20,추풍,17,11월,0.55
20,추풍,18,11월,0.61
20,추풍,19,11월,0.65
20,추풍,20,11월,0.69
20,추풍,21,11월,0.71
20,추풍,22,11월,0.73
20,추풍,23,11월,0.74
20,추풍,24,11월,0.76
20,추풍,1,12월,0.72
20,추풍,2,12월,0.72
20,추풍,3,12월,0.72
20,추풍,4,12월,0.72
20,추풍,5,12월,0.73
20,추풍,6,12월,0.72
20,추풍,7,12월,0.74
20,추풍,8,12월,0.74
20,추풍,9,12월,0.72
20,추풍,10,12월,0.65
20,추풍,11,12월,0.59
20,추풍,12,12월,0.54
20,추풍,13,12월,0.52
20,추풍,14,12월,0.49
20,추풍,15,12월,0.48
20,추풍,16,12월,0.5
20,추풍,17,12월,0.54
20,추풍,18,12월,0.58
20,추풍,19,12월,0.61
20,추풍,20,12월,0.63
20,추풍,21,12월,0.66
20,추풍,22,12월,0.68
20,추풍,23,12월,0.69
20,추풍,24,12월,0.71
